order_id,order_date,customer_id,product_id,quantity,unit_price,discount_pct,status,channel,region,campaign_id
O00001,2026-06-04,C0007,P014,3,2044,0,Completed,Social,Mumbai,CAM001
O00002,2026-02-20,C0040,P007,4,13533,20,Completed,Website,Chennai,CAM002
O00003,2026-06-16,C0050,P005,4,6427,15,Completed,Marketplace,Delhi,CAM010
O00004,2026-02-23,C0092,P004,2,13261,5,Completed,Mobile App,Mumbai,CAM003
O00005,2026-03-20,C0022,P020,1,15417,0,Returned,Social,Chennai,CAM001
O00006,2026-04-30,C0050,P003,2,9686,15,Completed,Social,Delhi,CAM005
O00007,2026-01-23,C0035,P016,3,9686,0,Completed,Social,Mumbai,CAM006
O00008,2026-04-11,C0014,P018,3,15417,15,Completed,Mobile App,Mumbai,CAM006
O00009,2026-04-02,C0011,P001,1,7276,15,Completed,Marketplace,Hyderabad,CAM007
O00010,2026-05-22,C0037,P012,3,7276,5,Completed,Marketplace,Mumbai,CAM010
O00011,2026-06-30,C0009,P012,1,15417,5,Completed,Social,Chennai,CAM008
O00012,2026-05-01,C0007,P008,3,11524,5,Completed,Website,Bengaluru,CAM001
O00013,2026-03-16,C0036,P014,3,9015,5,Completed,Social,Hyderabad,CAM001
O00014,2026-03-15,C0021,P009,3,17174,0,Completed,Mobile App,Chennai,CAM001
O00015,2026-03-17,C0056,P009,2,7276,5,Returned,Website,Delhi,CAM004
O00016,2026-05-28,C0002,P009,2,13261,15,Completed,Marketplace,Delhi,CAM004
O00017,2026-02-28,C0031,P017,3,17174,5,Completed,Social,Mumbai,CAM010
O00018,2026-01-31,C0046,P013,3,2044,15,Completed,Website,Mumbai,CAM004
O00019,2026-03-02,C0097,P008,4,9072,20,Completed,Website,Delhi,CAM001
O00020,2026-01-05,C0064,P019,2,12255,15,Completed,Social,Hyderabad,CAM009
O00021,2026-01-20,C0089,P017,2,1100,10,Completed,Social,Bengaluru,CAM003
O00022,2026-01-17,C0035,P019,2,15417,5,Completed,Website,Hyderabad,CAM010
O00023,2026-05-20,C0045,P015,3,12255,20,Completed,Social,Hyderabad,CAM008
O00024,2026-05-11,C0043,P008,1,6427,5,Completed,Social,Bengaluru,CAM009
O00025,2026-05-07,C0089,P016,2,12255,10,Completed,Social,Bengaluru,CAM009
O00026,2026-03-25,C0096,P007,1,12255,10,Returned,Website,Delhi,CAM002
O00027,2026-05-10,C0097,P006,3,11294,15,Completed,Marketplace,Hyderabad,CAM007
O00028,2026-01-30,C0076,P010,4,13261,10,Completed,Social,Mumbai,CAM005
O00029,2026-06-13,C0051,P020,4,7276,15,Completed,Social,Delhi,CAM007
O00030,2026-04-01,C0055,P012,2,2266,20,Completed,Marketplace,Hyderabad,CAM008
O00031,2026-06-19,C0099,P008,1,7276,5,Completed,Website,Mumbai,CAM006
O00032,2026-01-28,C0029,P010,1,9015,20,Completed,Website,Mumbai,CAM004
O00033,2026-04-01,C0035,P006,1,9686,0,Completed,Mobile App,Hyderabad,CAM010
O00034,2026-05-07,C0090,P014,4,11704,20,Completed,Website,Mumbai,CAM007
O00035,2026-03-31,C0039,P008,4,9686,0,Completed,Website,Chennai,CAM009
O00036,2026-03-22,C0024,P012,3,13533,20,Completed,Website,Chennai,CAM003
O00037,2026-01-31,C0057,P008,1,9015,5,Completed,Social,Chennai,CAM009
O00038,2026-03-10,C0033,P007,1,7276,20,Completed,Marketplace,Mumbai,CAM004
O00039,2026-02-13,C0090,P020,4,7276,0,Completed,Marketplace,Delhi,CAM005
O00040,2026-02-24,C0091,P007,2,1100,10,Completed,Social,Delhi,CAM009
O00041,2026-05-04,C0031,P002,1,2266,20,Returned,Mobile App,Mumbai,CAM004
O00042,2026-04-25,C0053,P008,1,11524,0,Completed,Mobile App,Chennai,CAM003
O00043,2026-04-20,C0099,P011,2,9015,5,Completed,Website,Bengaluru,CAM010
O00044,2026-03-07,C0075,P002,3,11294,0,Completed,Mobile App,Mumbai,CAM010
O00045,2026-06-23,C0022,P007,4,2266,5,Completed,Website,Hyderabad,CAM004
O00046,2026-01-16,C0060,P004,2,17174,5,Completed,Marketplace,Chennai,CAM004
O00047,2026-03-04,C0062,P011,3,16000,15,Completed,Social,Delhi,CAM003
O00048,2026-01-22,C0066,P015,1,12255,5,Completed,Marketplace,Hyderabad,CAM001
O00049,2026-03-03,C0003,P020,1,11404,0,Completed,Mobile App,Delhi,CAM006
O00050,2026-06-24,C0030,P008,1,12877,0,Completed,Marketplace,Delhi,CAM003
O00051,2026-03-08,C0086,P018,4,9686,20,Completed,Social,Delhi,CAM009
O00052,2026-06-14,C0025,P005,3,9072,20,Completed,Mobile App,Chennai,CAM002
O00053,2026-03-31,C0030,P016,4,2266,5,Completed,Mobile App,Delhi,CAM007
O00054,2026-05-07,C0033,P012,1,11404,0,Completed,Marketplace,Mumbai,CAM006
O00055,2026-03-24,C0018,P016,1,6427,0,Completed,Website,Hyderabad,CAM007
O00056,2026-02-18,C0016,P016,4,9015,20,Completed,Social,Bengaluru,CAM002
O00057,2026-05-19,C0035,P011,1,12877,15,Returned,Mobile App,Hyderabad,CAM005
O00058,2026-06-25,C0088,P006,1,12255,15,Completed,Mobile App,Hyderabad,CAM007
O00059,2026-02-17,C0001,P011,3,16000,5,Completed,Marketplace,Bengaluru,CAM004
O00060,2026-05-21,C0029,P017,3,11522,15,Completed,Website,Delhi,CAM009
O00061,2026-02-17,C0007,P020,1,12255,0,Completed,Website,Hyderabad,CAM006
O00062,2026-05-10,C0057,P019,2,13533,15,Completed,Website,Chennai,CAM004
O00063,2026-05-23,C0026,P004,3,11294,10,Completed,Mobile App,Mumbai,CAM001
O00064,2026-03-23,C0080,P012,2,7276,5,Completed,Marketplace,Hyderabad,CAM002
O00065,2026-05-14,C0059,P003,2,11404,15,Completed,Website,Chennai,CAM005
O00066,2026-02-19,C0079,P014,1,7276,15,Completed,Mobile App,Bengaluru,CAM005
O00067,2026-01-15,C0064,P020,2,13533,10,Completed,Social,Mumbai,CAM009
O00068,2026-01-18,C0044,P002,4,11524,0,Completed,Social,Delhi,CAM008
O00069,2026-03-22,C0087,P014,3,6427,0,Completed,Website,Chennai,CAM002
O00070,2026-06-13,C0048,P019,4,2266,20,Completed,Marketplace,Mumbai,CAM006
O00071,2026-01-24,C0095,P017,1,1100,5,Completed,Website,Delhi,CAM005
O00072,2026-03-24,C0100,P008,1,12877,5,Completed,Marketplace,Bengaluru,CAM002
O00073,2026-05-08,C0059,P003,3,11404,15,Completed,Social,Mumbai,CAM007
O00074,2026-02-06,C0068,P019,1,11704,5,Completed,Social,Chennai,CAM006
O00075,2026-05-11,C0026,P019,3,1100,5,Returned,Website,Bengaluru,CAM001
O00076,2026-02-25,C0082,P012,4,13261,15,Returned,Mobile App,Mumbai,CAM005
O00077,2026-05-27,C0068,P020,2,11522,10,Completed,Social,Hyderabad,CAM008
O00078,2026-04-15,C0091,P001,3,13533,15,Completed,Social,Hyderabad,CAM004
O00079,2026-04-09,C0027,P013,3,16000,0,Completed,Mobile App,Hyderabad,CAM004
O00080,2026-02-01,C0079,P001,1,17174,10,Completed,Website,Mumbai,CAM002
O00081,2026-03-25,C0048,P019,4,2044,10,Completed,Mobile App,Bengaluru,CAM003
O00082,2026-06-05,C0019,P014,1,12255,15,Completed,Marketplace,Hyderabad,CAM010
O00083,2026-01-04,C0018,P019,4,15417,0,Completed,Mobile App,Mumbai,CAM007
O00084,2026-05-18,C0057,P012,3,13261,0,Completed,Social,Delhi,CAM002
O00085,2026-03-31,C0032,P002,1,9072,15,Completed,Social,Bengaluru,CAM005
O00086,2026-05-11,C0011,P001,3,17174,15,Completed,Social,Delhi,CAM002
O00087,2026-05-01,C0043,P007,1,7276,20,Completed,Website,Chennai,CAM005
O00088,2026-03-20,C0066,P015,3,11524,5,Returned,Social,Hyderabad,CAM002
O00089,2026-02-25,C0032,P004,4,9015,20,Completed,Social,Bengaluru,CAM007
O00090,2026-04-24,C0096,P018,4,17174,5,Completed,Mobile App,Chennai,CAM006
O00091,2026-01-26,C0078,P005,4,15417,15,Completed,Marketplace,Hyderabad,CAM007
O00092,2026-04-16,C0052,P010,2,9686,0,Completed,Social,Mumbai,CAM005
O00093,2026-01-18,C0094,P005,3,15417,20,Completed,Social,Delhi,CAM003
O00094,2026-04-28,C0044,P010,2,11294,5,Completed,Marketplace,Bengaluru,CAM003
O00095,2026-04-24,C0014,P010,4,12255,20,Completed,Website,Delhi,CAM003
O00096,2026-01-16,C0004,P001,2,15417,5,Completed,Marketplace,Mumbai,CAM005
O00097,2026-05-18,C0094,P012,4,6427,15,Completed,Marketplace,Chennai,CAM005
O00098,2026-03-17,C0096,P016,2,2266,10,Completed,Website,Hyderabad,CAM007
O00099,2026-05-23,C0074,P019,3,11522,0,Completed,Social,Delhi,CAM001
O00100,2026-01-08,C0011,P007,1,7276,0,Completed,Website,Chennai,CAM003
O00101,2026-02-02,C0030,P018,3,11704,15,Completed,Social,Bengaluru,CAM009
O00102,2026-03-31,C0005,P018,1,9686,0,Completed,Marketplace,Mumbai,CAM010
O00103,2026-02-04,C0006,P020,1,9015,5,Completed,Mobile App,Hyderabad,CAM010
O00104,2026-03-01,C0025,P008,2,7276,10,Returned,Website,Mumbai,CAM004
O00105,2026-04-30,C0058,P018,2,9072,5,Completed,Website,Delhi,CAM002
O00106,2026-01-27,C0007,P012,3,7276,0,Completed,Marketplace,Chennai,CAM002
O00107,2026-05-03,C0099,P002,2,7276,15,Completed,Mobile App,Mumbai,CAM002
O00108,2026-01-19,C0046,P006,1,12255,15,Completed,Social,Delhi,CAM010
O00109,2026-02-01,C0027,P014,2,11522,15,Completed,Website,Mumbai,CAM009
O00110,2026-04-17,C0052,P004,2,2266,20,Completed,Social,Mumbai,CAM009
O00111,2026-05-24,C0080,P009,3,11524,0,Completed,Social,Chennai,CAM008
O00112,2026-01-31,C0032,P016,3,2266,10,Returned,Website,Delhi,CAM004
O00113,2026-02-24,C0005,P003,1,2266,5,Completed,Marketplace,Hyderabad,CAM005
O00114,2026-06-17,C0006,P010,3,2266,20,Returned,Social,Delhi,CAM009
O00115,2026-06-29,C0086,P005,3,11524,10,Completed,Mobile App,Delhi,CAM009
O00116,2026-04-16,C0012,P011,4,11404,0,Completed,Website,Delhi,CAM006
O00117,2026-03-22,C0064,P005,3,11524,15,Completed,Social,Mumbai,CAM009
O00118,2026-03-04,C0039,P020,4,9072,0,Completed,Mobile App,Mumbai,CAM004
O00119,2026-04-21,C0078,P002,1,9072,5,Returned,Website,Chennai,CAM005
O00120,2026-04-17,C0007,P020,3,9015,15,Completed,Social,Delhi,CAM009
O00121,2026-02-23,C0090,P016,1,7276,10,Completed,Marketplace,Delhi,CAM004
O00122,2026-01-05,C0070,P018,1,11294,15,Returned,Website,Bengaluru,CAM008
O00123,2026-01-28,C0045,P018,4,9686,10,Completed,Mobile App,Delhi,CAM005
O00124,2026-06-23,C0021,P004,2,6427,20,Completed,Website,Mumbai,CAM003
O00125,2026-03-17,C0098,P019,3,13261,10,Completed,Social,Hyderabad,CAM003
O00126,2026-03-29,C0031,P012,3,15417,0,Completed,Website,Delhi,CAM007
O00127,2026-03-26,C0050,P020,3,2044,0,Returned,Social,Hyderabad,CAM005
O00128,2026-05-22,C0040,P018,1,9072,15,Completed,Marketplace,Delhi,CAM004
O00129,2026-01-12,C0024,P012,1,12255,0,Completed,Marketplace,Chennai,CAM008
O00130,2026-01-15,C0042,P008,1,11524,5,Completed,Social,Bengaluru,CAM001
O00131,2026-02-19,C0016,P003,4,2044,0,Completed,Social,Mumbai,CAM001
O00132,2026-03-30,C0001,P003,1,11524,5,Completed,Website,Hyderabad,CAM010
O00133,2026-05-02,C0029,P008,3,9072,10,Completed,Website,Mumbai,CAM007
O00134,2026-03-30,C0012,P017,2,11704,0,Completed,Website,Bengaluru,CAM006
O00135,2026-03-21,C0042,P011,1,11524,10,Completed,Marketplace,Mumbai,CAM001
O00136,2026-06-19,C0087,P010,2,2044,20,Completed,Marketplace,Chennai,CAM006
O00137,2026-01-30,C0017,P005,1,12255,0,Completed,Website,Delhi,CAM005
O00138,2026-04-14,C0001,P012,1,17174,0,Completed,Website,Hyderabad,CAM006
O00139,2026-04-09,C0012,P013,1,13261,5,Completed,Marketplace,Hyderabad,CAM001
O00140,2026-03-27,C0051,P020,4,11524,20,Completed,Marketplace,Chennai,CAM006
O00141,2026-05-27,C0028,P015,3,1100,10,Completed,Mobile App,Chennai,CAM006
O00142,2026-02-18,C0049,P013,4,15417,15,Completed,Social,Hyderabad,CAM003
O00143,2026-06-22,C0003,P019,2,9072,0,Completed,Social,Bengaluru,CAM001
O00144,2026-03-02,C0034,P009,1,9015,15,Completed,Social,Chennai,CAM010
O00145,2026-04-09,C0042,P019,3,11704,0,Completed,Mobile App,Chennai,CAM008
O00146,2026-04-05,C0044,P008,4,9686,15,Completed,Social,Delhi,CAM007
O00147,2026-06-03,C0056,P003,3,2266,0,Completed,Marketplace,Hyderabad,CAM008
O00148,2026-03-21,C0079,P009,1,2044,20,Completed,Marketplace,Delhi,CAM007
O00149,2026-02-21,C0047,P003,2,7276,5,Completed,Mobile App,Delhi,CAM002
O00150,2026-01-04,C0085,P003,4,11522,0,Completed,Social,Delhi,CAM005
O00151,2026-03-07,C0053,P018,3,11294,5,Completed,Marketplace,Chennai,CAM009
O00152,2026-05-30,C0027,P016,4,11524,0,Completed,Website,Mumbai,CAM003
O00153,2026-01-02,C0023,P005,3,17174,0,Completed,Social,Mumbai,CAM010
O00154,2026-06-12,C0033,P017,1,12877,10,Completed,Website,Delhi,CAM001
O00155,2026-04-09,C0060,P002,4,13261,5,Completed,Marketplace,Delhi,CAM004
O00156,2026-01-26,C0025,P006,4,2266,5,Completed,Marketplace,Mumbai,CAM004
O00157,2026-02-24,C0092,P015,3,6427,20,Completed,Marketplace,Hyderabad,CAM007
O00158,2026-04-11,C0048,P007,4,9015,0,Completed,Website,Hyderabad,CAM002
O00159,2026-02-27,C0087,P015,1,2044,5,Completed,Mobile App,Delhi,CAM003
O00160,2026-01-20,C0069,P018,4,11522,0,Completed,Social,Mumbai,CAM007
O00161,2026-05-01,C0034,P002,1,11524,10,Completed,Website,Hyderabad,CAM003
O00162,2026-05-02,C0023,P001,4,11404,5,Completed,Marketplace,Mumbai,CAM009
O00163,2026-01-22,C0075,P019,1,9015,0,Completed,Social,Chennai,CAM009
O00164,2026-02-20,C0034,P011,3,9072,0,Completed,Social,Hyderabad,CAM004
O00165,2026-02-14,C0025,P011,4,17174,20,Completed,Marketplace,Chennai,CAM006
O00166,2026-04-30,C0094,P010,1,11522,0,Completed,Mobile App,Mumbai,CAM004
O00167,2026-05-13,C0049,P009,1,11522,15,Completed,Marketplace,Bengaluru,CAM004
O00168,2026-05-12,C0005,P014,4,12877,20,Returned,Mobile App,Mumbai,CAM007
O00169,2026-06-19,C0050,P012,1,1100,10,Completed,Marketplace,Delhi,CAM003
O00170,2026-05-20,C0047,P004,3,9072,5,Completed,Marketplace,Delhi,CAM002
O00171,2026-02-28,C0087,P013,4,12255,15,Completed,Marketplace,Mumbai,CAM003
O00172,2026-01-20,C0072,P014,3,2266,20,Returned,Website,Bengaluru,CAM010
O00173,2026-04-22,C0020,P003,2,2266,0,Completed,Social,Delhi,CAM003
O00174,2026-06-15,C0016,P008,2,11404,20,Completed,Marketplace,Bengaluru,CAM004
O00175,2026-06-26,C0061,P016,3,13261,20,Completed,Social,Bengaluru,CAM007
O00176,2026-02-11,C0005,P013,3,16000,0,Completed,Marketplace,Chennai,CAM002
O00177,2026-02-12,C0032,P003,3,17174,0,Completed,Social,Chennai,CAM003
O00178,2026-01-07,C0014,P001,1,11524,15,Completed,Social,Mumbai,CAM002
O00179,2026-01-26,C0003,P012,3,11404,0,Completed,Social,Mumbai,CAM010
O00180,2026-04-11,C0092,P010,3,2266,15,Completed,Marketplace,Mumbai,CAM010
O00181,2026-04-09,C0009,P020,3,2044,0,Completed,Marketplace,Mumbai,CAM008
O00182,2026-03-09,C0001,P011,1,15417,15,Completed,Website,Bengaluru,CAM003
O00183,2026-02-26,C0094,P019,3,12877,5,Completed,Mobile App,Bengaluru,CAM007
O00184,2026-05-31,C0019,P005,3,9072,0,Completed,Mobile App,Mumbai,CAM007
O00185,2026-03-25,C0082,P009,1,16000,0,Completed,Social,Bengaluru,CAM009
O00186,2026-05-27,C0004,P003,4,13533,0,Completed,Marketplace,Mumbai,CAM002
O00187,2026-06-24,C0016,P012,3,12877,10,Completed,Mobile App,Chennai,CAM008
O00188,2026-02-27,C0012,P004,2,11404,0,Completed,Website,Bengaluru,CAM002
O00189,2026-02-06,C0071,P010,3,13533,20,Completed,Marketplace,Delhi,CAM006
O00190,2026-06-22,C0063,P007,3,9015,15,Completed,Mobile App,Delhi,CAM009
O00191,2026-04-25,C0048,P004,3,15417,5,Completed,Website,Chennai,CAM001
O00192,2026-02-22,C0025,P002,2,9072,20,Returned,Mobile App,Delhi,CAM002
O00193,2026-04-23,C0009,P011,4,11404,15,Completed,Social,Hyderabad,CAM009
O00194,2026-04-04,C0057,P019,4,11294,15,Returned,Website,Bengaluru,CAM001
O00195,2026-06-13,C0024,P004,1,2266,0,Completed,Mobile App,Bengaluru,CAM007
O00196,2026-02-16,C0060,P009,3,6427,15,Completed,Marketplace,Mumbai,CAM006
O00197,2026-06-29,C0069,P005,1,12877,10,Completed,Website,Delhi,CAM004
O00198,2026-06-19,C0085,P017,2,12255,20,Completed,Website,Hyderabad,CAM009
O00199,2026-02-02,C0050,P009,4,15417,10,Completed,Social,Hyderabad,CAM009
O00200,2026-01-30,C0001,P020,1,11524,15,Completed,Marketplace,Chennai,CAM004
O00201,2026-04-07,C0029,P005,2,9686,5,Completed,Website,Chennai,CAM001
O00202,2026-01-09,C0086,P002,1,2266,0,Completed,Website,Chennai,CAM002
O00203,2026-02-24,C0054,P012,3,11522,0,Completed,Mobile App,Bengaluru,CAM002
O00204,2026-03-20,C0062,P014,2,11404,20,Completed,Marketplace,Chennai,CAM010
O00205,2026-06-25,C0046,P020,3,12255,15,Completed,Marketplace,Chennai,CAM006
O00206,2026-06-29,C0017,P018,4,1100,5,Completed,Website,Mumbai,CAM007
O00207,2026-01-28,C0090,P018,3,7276,15,Completed,Marketplace,Delhi,CAM003
O00208,2026-06-11,C0078,P013,3,13261,0,Completed,Social,Hyderabad,CAM009
O00209,2026-01-17,C0100,P008,1,13261,0,Completed,Website,Mumbai,CAM008
O00210,2026-05-16,C0086,P009,1,7276,10,Returned,Website,Hyderabad,CAM008
O00211,2026-06-03,C0030,P003,4,15417,15,Completed,Social,Bengaluru,CAM005
O00212,2026-06-11,C0026,P009,4,9072,20,Completed,Marketplace,Hyderabad,CAM007
O00213,2026-02-10,C0025,P008,3,11522,15,Completed,Social,Delhi,CAM006
O00214,2026-06-11,C0092,P001,2,12255,5,Completed,Mobile App,Mumbai,CAM004
O00215,2026-01-21,C0056,P005,1,15417,20,Completed,Mobile App,Delhi,CAM006
O00216,2026-04-04,C0046,P011,4,13533,10,Returned,Website,Mumbai,CAM004
O00217,2026-03-26,C0097,P008,4,16000,20,Completed,Website,Delhi,CAM010
O00218,2026-02-27,C0061,P020,1,9686,0,Completed,Mobile App,Bengaluru,CAM008
O00219,2026-01-05,C0091,P010,3,15417,0,Completed,Website,Mumbai,CAM008
O00220,2026-05-20,C0099,P020,3,9072,0,Completed,Social,Mumbai,CAM008
O00221,2026-03-02,C0008,P014,2,2266,20,Completed,Marketplace,Bengaluru,CAM005
O00222,2026-04-30,C0037,P001,4,11704,0,Returned,Social,Mumbai,CAM010
O00223,2026-03-16,C0074,P005,1,1100,20,Completed,Marketplace,Delhi,CAM003
O00224,2026-03-09,C0082,P015,2,2044,15,Returned,Mobile App,Delhi,CAM006
O00225,2026-06-10,C0015,P011,1,17174,0,Completed,Marketplace,Chennai,CAM001
O00226,2026-01-18,C0032,P007,3,9686,20,Completed,Website,Bengaluru,CAM003
O00227,2026-05-14,C0055,P011,3,17174,0,Returned,Social,Mumbai,CAM006
O00228,2026-05-16,C0080,P019,4,12877,0,Completed,Marketplace,Hyderabad,CAM005
O00229,2026-03-10,C0012,P008,3,13533,10,Completed,Website,Mumbai,CAM010
O00230,2026-02-17,C0061,P001,1,11704,5,Completed,Marketplace,Bengaluru,CAM007
O00231,2026-01-01,C0030,P007,2,1100,5,Completed,Marketplace,Chennai,CAM005
O00232,2026-06-19,C0022,P019,1,6427,0,Completed,Website,Bengaluru,CAM005
O00233,2026-06-21,C0052,P016,3,2266,15,Completed,Website,Mumbai,CAM007
O00234,2026-02-13,C0042,P017,3,1100,0,Completed,Social,Hyderabad,CAM008
O00235,2026-01-06,C0064,P019,4,6427,5,Completed,Mobile App,Mumbai,CAM003
O00236,2026-01-23,C0032,P003,2,11404,10,Completed,Marketplace,Delhi,CAM006
O00237,2026-01-13,C0083,P006,2,1100,10,Completed,Website,Chennai,CAM006
O00238,2026-05-31,C0008,P002,1,13261,15,Completed,Marketplace,Mumbai,CAM001
O00239,2026-06-11,C0087,P001,2,12255,5,Completed,Website,Delhi,CAM010
O00240,2026-01-28,C0003,P017,2,11522,15,Completed,Mobile App,Chennai,CAM006
O00241,2026-05-16,C0074,P019,4,16000,15,Completed,Marketplace,Mumbai,CAM003
O00242,2026-02-02,C0035,P004,4,7276,5,Completed,Mobile App,Mumbai,CAM007
O00243,2026-03-08,C0039,P015,1,12877,5,Completed,Marketplace,Hyderabad,CAM007
O00244,2026-04-19,C0002,P011,2,13533,10,Completed,Website,Bengaluru,CAM010
O00245,2026-05-11,C0071,P002,3,15417,10,Completed,Mobile App,Hyderabad,CAM001
O00246,2026-06-08,C0017,P019,2,11704,0,Completed,Social,Chennai,CAM005
O00247,2026-01-09,C0066,P018,1,7276,10,Completed,Mobile App,Hyderabad,CAM002
O00248,2026-02-05,C0073,P012,4,7276,0,Completed,Website,Mumbai,CAM006
O00249,2026-02-20,C0085,P015,3,11294,10,Completed,Social,Chennai,CAM006
O00250,2026-02-26,C0071,P008,3,9015,20,Completed,Social,Delhi,CAM005
O00251,2026-06-30,C0031,P016,2,11704,10,Completed,Marketplace,Mumbai,CAM010
O00252,2026-05-21,C0074,P009,4,11704,15,Completed,Social,Mumbai,CAM006
O00253,2026-02-27,C0083,P020,1,12255,5,Completed,Social,Chennai,CAM005
O00254,2026-06-25,C0032,P002,2,11404,20,Completed,Marketplace,Delhi,CAM001
O00255,2026-04-01,C0013,P004,4,11524,20,Completed,Marketplace,Mumbai,CAM003
O00256,2026-04-01,C0090,P020,4,12877,20,Completed,Website,Delhi,CAM009
O00257,2026-03-20,C0015,P006,2,16000,15,Completed,Marketplace,Delhi,CAM005
O00258,2026-01-27,C0060,P007,3,6427,15,Completed,Mobile App,Bengaluru,CAM010
O00259,2026-06-19,C0024,P016,1,12877,10,Completed,Social,Hyderabad,CAM006
O00260,2026-01-03,C0013,P004,1,9072,20,Completed,Mobile App,Bengaluru,CAM006
O00261,2026-02-01,C0078,P011,2,13261,20,Completed,Social,Delhi,CAM005
O00262,2026-02-11,C0015,P006,4,13261,10,Completed,Marketplace,Chennai,CAM006
O00263,2026-02-20,C0068,P004,3,12877,0,Completed,Marketplace,Delhi,CAM001
O00264,2026-01-24,C0070,P020,2,2266,0,Completed,Social,Delhi,CAM001
O00265,2026-01-04,C0007,P004,2,12255,5,Completed,Mobile App,Delhi,CAM005
O00266,2026-05-03,C0018,P002,1,17174,0,Completed,Mobile App,Delhi,CAM006
O00267,2026-06-25,C0080,P014,2,6427,5,Completed,Mobile App,Hyderabad,CAM006
O00268,2026-01-23,C0051,P018,1,11404,0,Returned,Social,Delhi,CAM005
O00269,2026-02-23,C0013,P003,1,13533,20,Completed,Social,Hyderabad,CAM003
O00270,2026-04-02,C0100,P015,3,15417,0,Completed,Website,Chennai,CAM008
O00271,2026-06-17,C0027,P011,1,2044,15,Returned,Mobile App,Mumbai,CAM007
O00272,2026-05-06,C0001,P017,1,1100,5,Completed,Mobile App,Mumbai,CAM001
O00273,2026-05-19,C0093,P003,3,7276,0,Completed,Marketplace,Delhi,CAM005
O00274,2026-04-16,C0002,P020,2,12255,15,Completed,Website,Chennai,CAM008
O00275,2026-03-17,C0056,P013,2,11524,20,Completed,Marketplace,Bengaluru,CAM008
O00276,2026-02-06,C0100,P017,1,12877,15,Completed,Marketplace,Mumbai,CAM003
O00277,2026-06-06,C0058,P008,1,2044,20,Completed,Website,Hyderabad,CAM010
O00278,2026-05-26,C0059,P019,2,6427,10,Completed,Website,Delhi,CAM007
O00279,2026-01-05,C0039,P013,3,13533,15,Completed,Marketplace,Delhi,CAM005
O00280,2026-05-10,C0013,P003,2,11522,0,Completed,Mobile App,Bengaluru,CAM007
O00281,2026-01-16,C0058,P019,3,13261,20,Completed,Social,Bengaluru,CAM009
O00282,2026-05-14,C0090,P016,3,12877,15,Completed,Social,Mumbai,CAM003
O00283,2026-05-30,C0010,P007,2,11522,5,Returned,Social,Hyderabad,CAM002
O00284,2026-01-24,C0089,P011,2,9686,5,Completed,Marketplace,Chennai,CAM005
O00285,2026-03-20,C0042,P008,2,15417,15,Completed,Social,Delhi,CAM001
O00286,2026-01-23,C0054,P011,1,1100,0,Completed,Website,Chennai,CAM009
O00287,2026-04-13,C0017,P020,3,11294,20,Completed,Mobile App,Chennai,CAM010
O00288,2026-06-17,C0063,P018,3,12255,5,Completed,Website,Delhi,CAM007
O00289,2026-01-15,C0019,P005,2,7276,0,Completed,Marketplace,Hyderabad,CAM010
O00290,2026-03-13,C0028,P020,2,7276,5,Completed,Marketplace,Chennai,CAM001
O00291,2026-06-26,C0073,P009,2,15417,20,Completed,Mobile App,Chennai,CAM007
O00292,2026-02-24,C0006,P015,3,1100,5,Completed,Mobile App,Hyderabad,CAM005
O00293,2026-01-24,C0045,P016,4,7276,10,Completed,Marketplace,Mumbai,CAM003
O00294,2026-03-30,C0060,P010,1,9015,20,Completed,Website,Hyderabad,CAM004
O00295,2026-04-03,C0014,P010,2,15417,0,Completed,Marketplace,Chennai,CAM006
O00296,2026-04-30,C0030,P010,1,17174,15,Completed,Marketplace,Hyderabad,CAM007
O00297,2026-02-26,C0035,P018,2,11294,5,Completed,Website,Chennai,CAM002
O00298,2026-06-22,C0067,P008,1,7276,15,Completed,Website,Delhi,CAM007
O00299,2026-04-05,C0098,P006,2,7276,0,Completed,Mobile App,Mumbai,CAM010
O00300,2026-02-21,C0084,P008,2,11294,0,Completed,Marketplace,Delhi,CAM001
O00301,2026-06-23,C0019,P004,2,13261,15,Completed,Mobile App,Mumbai,CAM009
O00302,2026-06-17,C0002,P008,2,11704,20,Completed,Mobile App,Delhi,CAM007
O00303,2026-04-01,C0006,P003,4,16000,20,Completed,Marketplace,Delhi,CAM004
O00304,2026-01-05,C0060,P002,4,11294,15,Completed,Website,Chennai,CAM008
O00305,2026-04-19,C0016,P015,1,2044,10,Completed,Marketplace,Chennai,CAM007
O00306,2026-04-11,C0024,P002,2,2044,0,Completed,Website,Mumbai,CAM008
O00307,2026-01-27,C0085,P012,4,13533,5,Completed,Website,Delhi,CAM001
O00308,2026-04-25,C0088,P016,3,11522,15,Returned,Website,Chennai,CAM001
O00309,2026-06-02,C0084,P015,1,11404,5,Completed,Mobile App,Chennai,CAM007
O00310,2026-01-20,C0026,P009,3,17174,10,Completed,Website,Bengaluru,CAM004
O00311,2026-05-11,C0062,P004,1,9015,0,Completed,Social,Bengaluru,CAM003
O00312,2026-01-26,C0062,P019,1,13533,10,Completed,Mobile App,Bengaluru,CAM005
O00313,2026-05-16,C0019,P017,3,11294,5,Completed,Social,Hyderabad,CAM008
O00314,2026-03-17,C0056,P013,3,12877,0,Completed,Social,Hyderabad,CAM002
O00315,2026-01-02,C0053,P002,4,12255,0,Completed,Social,Bengaluru,CAM010
O00316,2026-06-24,C0040,P001,2,1100,10,Completed,Social,Bengaluru,CAM005
O00317,2026-01-31,C0076,P007,4,11524,5,Completed,Website,Delhi,CAM002
O00318,2026-04-18,C0068,P004,2,2266,0,Completed,Mobile App,Chennai,CAM001
O00319,2026-02-02,C0054,P018,3,11404,10,Completed,Marketplace,Mumbai,CAM009
O00320,2026-06-18,C0073,P005,1,11524,0,Completed,Marketplace,Delhi,CAM002
O00321,2026-05-14,C0077,P006,1,9686,0,Completed,Website,Mumbai,CAM005
O00322,2026-05-26,C0057,P020,4,11704,0,Completed,Marketplace,Bengaluru,CAM007
O00323,2026-03-20,C0027,P017,4,17174,10,Completed,Social,Mumbai,CAM006
O00324,2026-03-26,C0076,P005,4,12877,20,Completed,Social,Hyderabad,CAM003
O00325,2026-04-25,C0072,P008,2,2266,5,Returned,Mobile App,Delhi,CAM002
O00326,2026-05-23,C0099,P011,1,17174,5,Completed,Website,Bengaluru,CAM008
O00327,2026-06-03,C0015,P014,4,17174,5,Completed,Mobile App,Chennai,CAM005
O00328,2026-01-04,C0042,P019,3,12255,5,Completed,Mobile App,Hyderabad,CAM001
O00329,2026-05-01,C0093,P018,1,15417,15,Completed,Mobile App,Hyderabad,CAM002
O00330,2026-01-20,C0052,P020,4,9686,5,Completed,Mobile App,Delhi,CAM006
O00331,2026-02-22,C0095,P001,4,16000,15,Completed,Mobile App,Bengaluru,CAM002
O00332,2026-05-31,C0002,P005,2,16000,20,Completed,Website,Mumbai,CAM004
O00333,2026-02-15,C0004,P012,4,12255,20,Completed,Mobile App,Mumbai,CAM002
O00334,2026-05-25,C0080,P001,4,6427,10,Completed,Mobile App,Bengaluru,CAM008
O00335,2026-03-25,C0036,P008,3,9015,15,Completed,Website,Bengaluru,CAM007
O00336,2026-02-12,C0053,P004,3,11294,20,Completed,Social,Mumbai,CAM008
O00337,2026-03-02,C0043,P019,2,11522,15,Completed,Marketplace,Chennai,CAM001
O00338,2026-04-07,C0041,P002,4,1100,5,Completed,Social,Mumbai,CAM004
O00339,2026-05-19,C0094,P003,4,11522,0,Completed,Marketplace,Chennai,CAM003
O00340,2026-04-20,C0010,P004,4,11522,0,Returned,Website,Mumbai,CAM007
O00341,2026-06-18,C0078,P003,3,12255,20,Completed,Social,Bengaluru,CAM009
O00342,2026-06-07,C0089,P012,1,1100,10,Completed,Mobile App,Hyderabad,CAM003
O00343,2026-05-17,C0066,P008,2,2044,5,Completed,Marketplace,Chennai,CAM008
O00344,2026-04-20,C0040,P019,2,16000,5,Completed,Mobile App,Mumbai,CAM006
O00345,2026-02-22,C0017,P006,4,7276,5,Completed,Mobile App,Hyderabad,CAM009
O00346,2026-03-16,C0069,P011,3,6427,20,Completed,Mobile App,Hyderabad,CAM001
O00347,2026-01-22,C0047,P014,3,9072,15,Completed,Mobile App,Hyderabad,CAM010
O00348,2026-03-09,C0015,P013,1,11404,20,Completed,Marketplace,Bengaluru,CAM005
O00349,2026-06-17,C0036,P016,4,9686,5,Completed,Marketplace,Delhi,CAM003
O00350,2026-03-19,C0097,P005,2,12255,10,Completed,Website,Hyderabad,CAM002
O00351,2026-01-21,C0027,P011,1,13533,0,Completed,Website,Hyderabad,CAM010
O00352,2026-04-28,C0018,P017,4,9015,20,Completed,Social,Mumbai,CAM009
O00353,2026-06-24,C0069,P018,1,9686,10,Completed,Marketplace,Hyderabad,CAM002
O00354,2026-06-07,C0020,P013,1,11704,10,Completed,Social,Chennai,CAM005
O00355,2026-02-19,C0092,P014,1,17174,10,Returned,Marketplace,Chennai,CAM008
O00356,2026-03-24,C0086,P018,2,12255,5,Completed,Marketplace,Chennai,CAM006
O00357,2026-04-07,C0099,P013,1,15417,20,Completed,Social,Delhi,CAM002
O00358,2026-02-14,C0092,P019,4,16000,10,Completed,Marketplace,Bengaluru,CAM004
O00359,2026-02-18,C0025,P003,3,13533,15,Completed,Mobile App,Chennai,CAM004
O00360,2026-02-12,C0022,P007,2,12877,0,Completed,Marketplace,Hyderabad,CAM003
O00361,2026-06-30,C0035,P003,1,7276,5,Completed,Website,Chennai,CAM010
O00362,2026-05-16,C0047,P002,2,7276,20,Completed,Mobile App,Mumbai,CAM003
O00363,2026-06-02,C0088,P010,1,17174,0,Completed,Marketplace,Bengaluru,CAM008
O00364,2026-05-28,C0074,P005,4,15417,0,Completed,Website,Chennai,CAM010
O00365,2026-06-23,C0065,P009,2,11704,20,Completed,Marketplace,Delhi,CAM008
O00366,2026-01-20,C0088,P009,2,11294,5,Completed,Marketplace,Chennai,CAM008
O00367,2026-06-09,C0065,P013,1,11524,5,Completed,Mobile App,Hyderabad,CAM002
O00368,2026-01-13,C0038,P019,1,13261,10,Completed,Website,Delhi,CAM002
O00369,2026-03-28,C0042,P017,1,6427,0,Completed,Marketplace,Chennai,CAM008
O00370,2026-04-18,C0052,P008,1,17174,0,Completed,Social,Bengaluru,CAM008
O00371,2026-03-06,C0009,P007,3,2044,0,Completed,Marketplace,Chennai,CAM008
O00372,2026-01-27,C0075,P016,4,12255,0,Completed,Mobile App,Bengaluru,CAM005
O00373,2026-02-04,C0066,P003,4,11404,0,Completed,Marketplace,Delhi,CAM006
O00374,2026-05-30,C0074,P011,2,15417,15,Completed,Mobile App,Bengaluru,CAM001
O00375,2026-02-27,C0054,P009,4,7276,5,Completed,Mobile App,Hyderabad,CAM003
O00376,2026-02-26,C0079,P004,3,15417,0,Completed,Mobile App,Mumbai,CAM006
O00377,2026-06-17,C0095,P013,1,11294,0,Completed,Website,Chennai,CAM002
O00378,2026-01-27,C0057,P007,1,17174,10,Completed,Social,Bengaluru,CAM002
O00379,2026-06-15,C0045,P004,3,9686,20,Completed,Marketplace,Mumbai,CAM001
O00380,2026-06-16,C0011,P014,2,12877,5,Returned,Website,Hyderabad,CAM003
O00381,2026-04-19,C0078,P004,1,11294,0,Completed,Social,Mumbai,CAM010
O00382,2026-01-30,C0091,P014,4,12255,5,Completed,Website,Chennai,CAM007
O00383,2026-01-29,C0070,P004,3,15417,10,Completed,Marketplace,Hyderabad,CAM010
O00384,2026-02-21,C0087,P009,3,1100,0,Completed,Website,Delhi,CAM003
O00385,2026-04-15,C0087,P017,4,2266,20,Completed,Mobile App,Bengaluru,CAM006
O00386,2026-01-28,C0080,P005,4,13533,15,Completed,Marketplace,Mumbai,CAM009
O00387,2026-03-24,C0051,P016,4,16000,5,Completed,Social,Mumbai,CAM004
O00388,2026-01-21,C0010,P015,2,11294,20,Completed,Social,Mumbai,CAM007
O00389,2026-04-08,C0001,P019,4,15417,5,Completed,Social,Mumbai,CAM007
O00390,2026-01-04,C0021,P004,3,12877,0,Completed,Website,Chennai,CAM009
O00391,2026-05-09,C0044,P015,3,2044,20,Completed,Website,Mumbai,CAM010
O00392,2026-01-11,C0075,P019,4,2266,20,Completed,Social,Mumbai,CAM007
O00393,2026-02-05,C0046,P016,1,11294,5,Completed,Social,Chennai,CAM006
O00394,2026-02-01,C0003,P004,2,11704,10,Completed,Mobile App,Mumbai,CAM009
O00395,2026-05-31,C0022,P017,1,11522,0,Completed,Website,Mumbai,CAM007
O00396,2026-01-10,C0098,P003,2,15417,15,Completed,Marketplace,Chennai,CAM004
O00397,2026-03-19,C0099,P012,2,12877,15,Completed,Website,Hyderabad,CAM007
O00398,2026-04-17,C0038,P010,4,12877,15,Completed,Website,Chennai,CAM006
O00399,2026-04-04,C0081,P011,4,2044,10,Completed,Social,Chennai,CAM003
O00400,2026-05-04,C0072,P011,2,11294,15,Returned,Mobile App,Hyderabad,CAM006
O00401,2026-05-26,C0094,P001,2,17174,10,Completed,Website,Delhi,CAM007
O00402,2026-03-13,C0089,P011,3,11524,20,Completed,Marketplace,Mumbai,CAM010
O00403,2026-05-30,C0063,P019,4,13261,0,Completed,Mobile App,Mumbai,CAM006
O00404,2026-02-27,C0040,P009,4,12877,10,Completed,Marketplace,Chennai,CAM002
O00405,2026-06-28,C0063,P006,1,6427,10,Completed,Social,Chennai,CAM010
O00406,2026-04-02,C0032,P020,1,12255,10,Returned,Website,Bengaluru,CAM006
O00407,2026-05-14,C0035,P002,3,11404,0,Completed,Marketplace,Bengaluru,CAM003
O00408,2026-06-08,C0061,P010,2,16000,5,Completed,Social,Mumbai,CAM008
O00409,2026-05-24,C0058,P011,1,13533,20,Completed,Mobile App,Hyderabad,CAM004
O00410,2026-06-04,C0059,P010,1,2044,0,Completed,Social,Delhi,CAM004
O00411,2026-04-08,C0039,P019,2,11404,15,Completed,Mobile App,Hyderabad,CAM009
O00412,2026-01-08,C0041,P009,2,12255,15,Completed,Mobile App,Bengaluru,CAM009
O00413,2026-03-31,C0002,P020,3,11294,10,Completed,Social,Chennai,CAM006
O00414,2026-02-02,C0061,P002,1,1100,0,Returned,Marketplace,Chennai,CAM004
O00415,2026-06-10,C0058,P015,3,11522,0,Completed,Social,Chennai,CAM009
O00416,2026-02-12,C0094,P012,3,9686,5,Completed,Social,Chennai,CAM002
O00417,2026-02-11,C0051,P005,2,13533,0,Completed,Marketplace,Mumbai,CAM008
O00418,2026-02-15,C0047,P005,1,11294,0,Completed,Website,Bengaluru,CAM006
O00419,2026-04-27,C0007,P015,3,11404,0,Completed,Mobile App,Hyderabad,CAM009
O00420,2026-04-14,C0020,P013,3,11522,0,Returned,Social,Hyderabad,CAM005
O00421,2026-06-21,C0034,P013,2,6427,20,Completed,Marketplace,Bengaluru,CAM009
O00422,2026-03-17,C0038,P002,2,16000,15,Completed,Mobile App,Chennai,CAM001
O00423,2026-02-21,C0037,P012,3,15417,0,Completed,Mobile App,Chennai,CAM008
O00424,2026-01-09,C0040,P020,2,17174,15,Returned,Social,Delhi,CAM001
O00425,2026-01-02,C0077,P001,2,16000,0,Completed,Website,Hyderabad,CAM007
O00426,2026-03-09,C0014,P010,2,11404,10,Completed,Website,Chennai,CAM002
O00427,2026-06-17,C0034,P010,2,9686,0,Completed,Social,Delhi,CAM010
O00428,2026-04-05,C0017,P018,3,11522,0,Returned,Mobile App,Hyderabad,CAM008
O00429,2026-06-11,C0031,P006,2,12877,0,Completed,Social,Hyderabad,CAM002
O00430,2026-01-19,C0069,P010,2,11524,10,Completed,Marketplace,Mumbai,CAM009
O00431,2026-01-17,C0005,P015,3,9686,10,Completed,Social,Hyderabad,CAM003
O00432,2026-05-31,C0034,P002,2,7276,5,Completed,Marketplace,Chennai,CAM006
O00433,2026-01-20,C0003,P017,1,15417,15,Completed,Social,Bengaluru,CAM001
O00434,2026-01-10,C0096,P017,4,15417,15,Completed,Social,Delhi,CAM002
O00435,2026-03-15,C0073,P015,1,13533,15,Completed,Website,Hyderabad,CAM003
O00436,2026-06-17,C0025,P013,3,1100,10,Completed,Social,Mumbai,CAM006
O00437,2026-05-05,C0020,P015,2,17174,10,Completed,Marketplace,Chennai,CAM006
O00438,2026-01-18,C0010,P016,1,9015,10,Completed,Website,Mumbai,CAM009
O00439,2026-06-01,C0048,P019,1,12877,5,Completed,Website,Bengaluru,CAM002
O00440,2026-06-02,C0076,P009,4,1100,10,Returned,Mobile App,Hyderabad,CAM008
O00441,2026-05-25,C0059,P010,2,9686,0,Returned,Website,Bengaluru,CAM001
O00442,2026-06-13,C0089,P013,2,9686,20,Completed,Mobile App,Chennai,CAM003
O00443,2026-02-13,C0035,P004,3,12255,5,Completed,Social,Bengaluru,CAM002
O00444,2026-06-27,C0028,P018,1,12255,15,Completed,Mobile App,Delhi,CAM002
O00445,2026-02-28,C0048,P016,3,11524,20,Completed,Website,Hyderabad,CAM006
O00446,2026-05-26,C0021,P013,2,9072,10,Completed,Mobile App,Delhi,CAM010
O00447,2026-04-15,C0098,P007,3,7276,20,Completed,Website,Delhi,CAM007
O00448,2026-05-22,C0019,P007,1,15417,10,Completed,Social,Hyderabad,CAM009
O00449,2026-04-24,C0048,P009,4,7276,0,Completed,Website,Hyderabad,CAM006
O00450,2026-04-27,C0053,P014,1,1100,0,Completed,Social,Hyderabad,CAM001
O00451,2026-04-22,C0006,P016,3,1100,0,Completed,Mobile App,Mumbai,CAM004
O00452,2026-05-21,C0047,P014,3,11404,20,Completed,Website,Chennai,CAM009
O00453,2026-05-14,C0046,P019,2,11404,10,Completed,Marketplace,Hyderabad,CAM001
O00454,2026-01-25,C0026,P020,1,11524,5,Completed,Mobile App,Mumbai,CAM001
O00455,2026-05-30,C0013,P015,2,9072,10,Completed,Social,Delhi,CAM009
O00456,2026-04-08,C0005,P008,4,15417,5,Completed,Marketplace,Bengaluru,CAM001
O00457,2026-02-28,C0001,P012,4,16000,20,Completed,Social,Hyderabad,CAM010
O00458,2026-04-04,C0049,P009,4,12255,20,Completed,Mobile App,Delhi,CAM008
O00459,2026-06-25,C0009,P013,1,11294,0,Completed,Website,Delhi,CAM007
O00460,2026-06-05,C0096,P017,3,16000,15,Completed,Website,Hyderabad,CAM006
O00461,2026-05-31,C0025,P008,1,9072,5,Completed,Mobile App,Mumbai,CAM001
O00462,2026-03-25,C0066,P011,3,12877,0,Completed,Mobile App,Chennai,CAM005
O00463,2026-05-22,C0068,P001,2,11524,20,Completed,Social,Hyderabad,CAM009
O00464,2026-03-11,C0050,P015,3,1100,0,Completed,Mobile App,Bengaluru,CAM010
O00465,2026-05-05,C0089,P010,3,2044,5,Completed,Social,Hyderabad,CAM005
O00466,2026-04-26,C0012,P010,4,17174,0,Completed,Website,Mumbai,CAM009
O00467,2026-02-15,C0024,P011,2,15417,10,Completed,Mobile App,Chennai,CAM008
O00468,2026-02-18,C0026,P005,2,9686,10,Completed,Social,Chennai,CAM001
O00469,2026-01-12,C0014,P012,3,11294,5,Completed,Website,Delhi,CAM007
O00470,2026-01-26,C0030,P015,1,2266,0,Completed,Mobile App,Hyderabad,CAM007
O00471,2026-03-20,C0032,P007,1,12255,0,Completed,Social,Mumbai,CAM006
O00472,2026-03-28,C0077,P003,3,9015,20,Completed,Marketplace,Bengaluru,CAM008
O00473,2026-01-30,C0031,P008,4,13533,20,Completed,Social,Chennai,CAM009
O00474,2026-03-17,C0088,P004,3,17174,20,Completed,Marketplace,Delhi,CAM006
O00475,2026-04-20,C0078,P008,4,2044,10,Completed,Social,Delhi,CAM004
O00476,2026-02-12,C0091,P013,1,17174,10,Completed,Social,Delhi,CAM010
O00477,2026-03-03,C0011,P003,2,12255,15,Completed,Social,Mumbai,CAM010
O00478,2026-03-08,C0099,P015,3,13261,15,Completed,Website,Hyderabad,CAM007
O00479,2026-04-02,C0062,P005,2,9072,10,Completed,Marketplace,Bengaluru,CAM007
O00480,2026-03-08,C0099,P018,1,1100,5,Completed,Website,Bengaluru,CAM002
O00481,2026-05-14,C0036,P015,1,9015,10,Completed,Website,Bengaluru,CAM005
O00482,2026-03-01,C0096,P006,4,17174,0,Completed,Mobile App,Hyderabad,CAM002
O00483,2026-03-20,C0059,P012,3,2044,0,Completed,Marketplace,Bengaluru,CAM006
O00484,2026-03-10,C0008,P003,2,11524,15,Completed,Mobile App,Delhi,CAM009
O00485,2026-02-03,C0042,P002,2,11524,20,Returned,Social,Hyderabad,CAM003
O00486,2026-05-05,C0014,P020,1,9015,0,Completed,Mobile App,Delhi,CAM010
O00487,2026-02-12,C0095,P017,4,11704,0,Completed,Marketplace,Hyderabad,CAM002
O00488,2026-02-23,C0031,P004,1,9072,0,Completed,Social,Bengaluru,CAM001
O00489,2026-05-24,C0023,P006,4,11704,15,Completed,Social,Chennai,CAM010
O00490,2026-06-21,C0056,P004,1,11294,5,Completed,Website,Chennai,CAM002
O00491,2026-05-02,C0043,P008,2,11524,5,Completed,Marketplace,Delhi,CAM008
O00492,2026-06-15,C0010,P006,2,11524,0,Completed,Website,Delhi,CAM008
O00493,2026-06-04,C0082,P007,4,7276,20,Completed,Marketplace,Chennai,CAM004
O00494,2026-03-29,C0085,P011,1,12255,10,Completed,Mobile App,Mumbai,CAM001
O00495,2026-05-20,C0075,P004,2,11522,15,Completed,Social,Bengaluru,CAM004
O00496,2026-03-01,C0062,P018,2,15417,15,Completed,Social,Chennai,CAM001
O00497,2026-03-25,C0041,P015,2,11404,0,Completed,Social,Mumbai,CAM007
O00498,2026-04-07,C0055,P016,1,11704,20,Returned,Social,Chennai,CAM009
O00499,2026-06-23,C0053,P004,4,11704,10,Completed,Mobile App,Delhi,CAM010
O00500,2026-06-03,C0017,P015,2,9686,15,Completed,Marketplace,Chennai,CAM009
O00501,2026-03-30,C0009,P017,2,11522,5,Completed,Website,Chennai,CAM008
O00502,2026-04-29,C0026,P004,2,16000,20,Completed,Marketplace,Bengaluru,CAM009
O00503,2026-02-06,C0046,P016,4,12255,20,Completed,Website,Delhi,CAM008
O00504,2026-05-26,C0017,P008,2,6427,10,Completed,Marketplace,Chennai,CAM007
O00505,2026-04-11,C0011,P016,2,2044,0,Completed,Social,Bengaluru,CAM010
O00506,2026-04-07,C0086,P010,2,13261,20,Completed,Marketplace,Mumbai,CAM004
O00507,2026-05-19,C0038,P017,2,9686,20,Completed,Social,Delhi,CAM005
O00508,2026-04-25,C0059,P003,1,15417,10,Completed,Website,Hyderabad,CAM010
O00509,2026-01-14,C0053,P008,3,11524,10,Completed,Social,Chennai,CAM004
O00510,2026-02-22,C0074,P006,1,1100,5,Returned,Marketplace,Hyderabad,CAM003
O00511,2026-02-01,C0074,P005,1,1100,0,Completed,Marketplace,Bengaluru,CAM002
O00512,2026-05-14,C0030,P007,1,9072,20,Completed,Social,Mumbai,CAM003
O00513,2026-01-07,C0085,P008,2,16000,10,Completed,Marketplace,Hyderabad,CAM006
O00514,2026-02-06,C0038,P003,4,11522,5,Completed,Mobile App,Bengaluru,CAM009
O00515,2026-04-19,C0084,P015,3,9686,15,Completed,Marketplace,Delhi,CAM002
O00516,2026-05-06,C0041,P012,4,11294,0,Completed,Marketplace,Mumbai,CAM007
O00517,2026-04-02,C0012,P017,2,9072,0,Completed,Social,Mumbai,CAM008
O00518,2026-06-05,C0077,P015,4,2044,5,Completed,Mobile App,Chennai,CAM009
O00519,2026-06-16,C0004,P003,1,11294,10,Completed,Marketplace,Mumbai,CAM008
O00520,2026-01-24,C0078,P002,3,11522,5,Completed,Marketplace,Hyderabad,CAM002
O00521,2026-06-22,C0005,P009,4,11294,0,Completed,Website,Hyderabad,CAM005
O00522,2026-04-22,C0021,P010,3,12877,5,Completed,Website,Chennai,CAM010
O00523,2026-04-26,C0061,P005,4,6427,5,Completed,Website,Chennai,CAM010
O00524,2026-01-18,C0095,P016,2,9686,10,Completed,Marketplace,Bengaluru,CAM007
O00525,2026-04-23,C0041,P012,1,13533,10,Completed,Mobile App,Mumbai,CAM010
O00526,2026-05-12,C0013,P015,4,11524,20,Completed,Social,Bengaluru,CAM007
O00527,2026-04-16,C0024,P003,1,11522,20,Completed,Marketplace,Hyderabad,CAM001
O00528,2026-01-16,C0090,P017,4,16000,5,Completed,Website,Mumbai,CAM010
O00529,2026-04-05,C0073,P005,3,13533,20,Completed,Website,Mumbai,CAM002
O00530,2026-06-19,C0011,P009,4,11294,10,Completed,Mobile App,Hyderabad,CAM004
O00531,2026-05-11,C0039,P009,2,9015,0,Completed,Social,Delhi,CAM003
O00532,2026-01-25,C0027,P017,4,13533,5,Completed,Website,Delhi,CAM008
O00533,2026-06-23,C0018,P006,1,2044,15,Returned,Website,Bengaluru,CAM001
O00534,2026-06-23,C0085,P005,2,12255,20,Completed,Website,Chennai,CAM007
O00535,2026-01-31,C0062,P007,1,11524,5,Completed,Mobile App,Chennai,CAM009
O00536,2026-05-25,C0018,P008,4,9686,0,Completed,Social,Mumbai,CAM008
O00537,2026-03-15,C0066,P004,3,17174,0,Completed,Marketplace,Delhi,CAM004
O00538,2026-04-18,C0042,P004,4,6427,0,Completed,Mobile App,Hyderabad,CAM009
O00539,2026-03-22,C0007,P005,4,1100,15,Completed,Website,Mumbai,CAM004
O00540,2026-05-22,C0045,P010,2,15417,10,Completed,Mobile App,Mumbai,CAM007
O00541,2026-06-30,C0019,P007,1,12877,10,Completed,Marketplace,Mumbai,CAM006
O00542,2026-05-24,C0025,P008,4,6427,15,Completed,Mobile App,Hyderabad,CAM001
O00543,2026-06-18,C0088,P015,2,9686,20,Completed,Marketplace,Bengaluru,CAM001
O00544,2026-06-21,C0072,P005,1,17174,15,Completed,Social,Hyderabad,CAM002
O00545,2026-01-17,C0014,P019,4,6427,0,Completed,Website,Delhi,CAM010
O00546,2026-02-15,C0086,P016,4,9686,10,Completed,Mobile App,Chennai,CAM010
O00547,2026-05-11,C0058,P004,2,6427,20,Completed,Website,Chennai,CAM005
O00548,2026-04-17,C0088,P007,4,12877,15,Completed,Marketplace,Hyderabad,CAM010
O00549,2026-01-10,C0075,P004,1,9015,5,Completed,Mobile App,Delhi,CAM001
O00550,2026-01-18,C0034,P006,1,9072,5,Completed,Mobile App,Mumbai,CAM010
O00551,2026-04-05,C0054,P008,2,7276,20,Completed,Website,Bengaluru,CAM003
O00552,2026-04-22,C0054,P003,3,17174,0,Completed,Website,Delhi,CAM001
O00553,2026-01-31,C0072,P001,1,9072,10,Completed,Mobile App,Bengaluru,CAM008
O00554,2026-02-01,C0025,P009,1,16000,0,Returned,Marketplace,Bengaluru,CAM004
O00555,2026-01-24,C0034,P015,3,11524,20,Completed,Website,Hyderabad,CAM003
O00556,2026-04-13,C0025,P007,4,12255,0,Returned,Website,Chennai,CAM008
O00557,2026-01-02,C0030,P018,3,13261,0,Completed,Mobile App,Delhi,CAM004
O00558,2026-04-14,C0017,P008,4,13533,5,Completed,Marketplace,Mumbai,CAM008
O00559,2026-03-28,C0004,P019,4,11294,5,Completed,Mobile App,Bengaluru,CAM002
O00560,2026-03-26,C0095,P005,3,1100,10,Completed,Mobile App,Bengaluru,CAM001
O00561,2026-05-03,C0008,P011,3,11704,5,Completed,Website,Mumbai,CAM004
O00562,2026-04-05,C0089,P016,4,6427,5,Completed,Marketplace,Bengaluru,CAM007
O00563,2026-05-12,C0001,P002,2,7276,10,Completed,Social,Chennai,CAM003
O00564,2026-05-19,C0078,P019,1,1100,10,Returned,Social,Mumbai,CAM002
O00565,2026-06-16,C0033,P008,4,11524,20,Completed,Marketplace,Chennai,CAM008
O00566,2026-05-25,C0052,P010,2,11404,10,Returned,Marketplace,Chennai,CAM005
O00567,2026-04-04,C0029,P013,4,11524,10,Completed,Mobile App,Mumbai,CAM005
O00568,2026-03-31,C0050,P013,2,11404,15,Completed,Website,Chennai,CAM003
O00569,2026-02-12,C0046,P001,4,11294,0,Completed,Mobile App,Bengaluru,CAM001
O00570,2026-04-19,C0053,P018,1,11524,15,Completed,Marketplace,Mumbai,CAM001
O00571,2026-01-26,C0040,P013,3,11704,20,Completed,Marketplace,Hyderabad,CAM007
O00572,2026-06-18,C0054,P020,2,11404,5,Completed,Social,Hyderabad,CAM001
O00573,2026-06-02,C0083,P010,2,6427,0,Completed,Social,Chennai,CAM003
O00574,2026-01-22,C0044,P013,2,7276,5,Completed,Website,Hyderabad,CAM010
O00575,2026-05-23,C0037,P009,4,2266,5,Completed,Website,Chennai,CAM004
O00576,2026-01-22,C0014,P018,2,13261,10,Completed,Mobile App,Bengaluru,CAM008
O00577,2026-05-11,C0036,P017,4,11294,20,Returned,Social,Hyderabad,CAM004
O00578,2026-01-16,C0013,P019,2,2044,10,Completed,Social,Chennai,CAM010
O00579,2026-03-30,C0019,P011,1,9072,0,Returned,Website,Delhi,CAM009
O00580,2026-04-30,C0096,P016,4,13533,5,Completed,Website,Delhi,CAM005
O00581,2026-05-12,C0009,P008,1,11294,15,Completed,Marketplace,Mumbai,CAM007
O00582,2026-03-17,C0049,P010,2,7276,5,Completed,Marketplace,Delhi,CAM005
O00583,2026-06-16,C0084,P016,4,11524,10,Completed,Social,Chennai,CAM010
O00584,2026-05-21,C0096,P002,4,11704,15,Completed,Social,Mumbai,CAM004
O00585,2026-02-07,C0015,P015,4,13533,5,Completed,Website,Mumbai,CAM009
O00586,2026-05-02,C0017,P001,2,11404,15,Completed,Website,Delhi,CAM007
O00587,2026-05-13,C0038,P012,4,13533,5,Completed,Marketplace,Mumbai,CAM007
O00588,2026-03-02,C0056,P010,2,12255,0,Completed,Marketplace,Bengaluru,CAM004
O00589,2026-05-14,C0096,P010,3,12255,5,Completed,Social,Hyderabad,CAM009
O00590,2026-06-12,C0021,P010,3,9015,10,Completed,Marketplace,Mumbai,CAM008
O00591,2026-05-28,C0017,P010,1,11522,0,Completed,Marketplace,Delhi,CAM009
O00592,2026-05-19,C0026,P009,2,9686,20,Returned,Mobile App,Delhi,CAM009
O00593,2026-04-25,C0088,P010,2,11522,10,Completed,Website,Hyderabad,CAM002
O00594,2026-02-18,C0004,P012,2,6427,0,Completed,Social,Delhi,CAM009
O00595,2026-05-24,C0039,P016,2,17174,20,Returned,Social,Delhi,CAM009
O00596,2026-03-07,C0012,P012,3,1100,20,Completed,Website,Hyderabad,CAM003
O00597,2026-04-07,C0016,P013,1,9686,0,Completed,Marketplace,Hyderabad,CAM010
O00598,2026-02-26,C0092,P017,1,9072,0,Completed,Mobile App,Bengaluru,CAM006
O00599,2026-02-26,C0001,P020,4,17174,5,Completed,Mobile App,Delhi,CAM004
O00600,2026-01-29,C0033,P003,2,6427,10,Completed,Social,Bengaluru,CAM003
O00601,2026-06-23,C0092,P015,3,2266,15,Completed,Social,Hyderabad,CAM004
O00602,2026-01-27,C0061,P005,3,15417,10,Completed,Website,Bengaluru,CAM001
O00603,2026-01-16,C0008,P004,3,11404,15,Returned,Mobile App,Mumbai,CAM007
O00604,2026-06-19,C0047,P016,2,2266,0,Completed,Social,Bengaluru,CAM008
O00605,2026-04-11,C0098,P002,2,11294,15,Completed,Social,Delhi,CAM007
O00606,2026-03-21,C0041,P017,4,11524,20,Completed,Website,Bengaluru,CAM006
O00607,2026-05-14,C0053,P016,4,13261,10,Completed,Social,Bengaluru,CAM004
O00608,2026-03-11,C0054,P020,2,11522,10,Completed,Mobile App,Chennai,CAM008
O00609,2026-01-24,C0067,P014,3,11524,5,Returned,Marketplace,Hyderabad,CAM009
O00610,2026-05-13,C0019,P018,4,13261,20,Completed,Website,Chennai,CAM001
O00611,2026-02-01,C0084,P003,1,12877,0,Completed,Marketplace,Chennai,CAM004
O00612,2026-04-11,C0099,P018,4,13261,5,Completed,Marketplace,Delhi,CAM010
O00613,2026-06-21,C0015,P004,2,6427,0,Completed,Marketplace,Chennai,CAM009
O00614,2026-06-19,C0082,P007,4,13261,20,Completed,Social,Mumbai,CAM010
O00615,2026-03-07,C0082,P003,3,13533,10,Completed,Social,Chennai,CAM002
O00616,2026-05-22,C0075,P009,4,2266,20,Completed,Social,Bengaluru,CAM005
O00617,2026-04-21,C0038,P015,1,17174,15,Completed,Marketplace,Mumbai,CAM002
O00618,2026-03-28,C0047,P006,1,15417,10,Completed,Social,Delhi,CAM009
O00619,2026-01-26,C0084,P017,4,2044,10,Completed,Marketplace,Mumbai,CAM006
O00620,2026-03-10,C0016,P013,3,17174,5,Completed,Marketplace,Bengaluru,CAM003
O00621,2026-04-28,C0083,P013,3,6427,10,Completed,Marketplace,Bengaluru,CAM001
O00622,2026-06-28,C0093,P019,1,11404,15,Completed,Social,Hyderabad,CAM008
O00623,2026-01-01,C0069,P009,1,17174,20,Completed,Website,Mumbai,CAM009
O00624,2026-05-10,C0035,P007,4,11404,10,Completed,Marketplace,Bengaluru,CAM009
O00625,2026-06-03,C0056,P020,2,16000,20,Completed,Mobile App,Delhi,CAM010
O00626,2026-06-22,C0006,P012,3,11524,20,Completed,Social,Chennai,CAM009
O00627,2026-03-18,C0094,P013,2,11294,10,Completed,Website,Chennai,CAM008
O00628,2026-01-22,C0035,P006,2,7276,10,Returned,Marketplace,Hyderabad,CAM009
O00629,2026-02-19,C0006,P005,1,12877,0,Completed,Website,Mumbai,CAM010
O00630,2026-06-03,C0080,P004,4,15417,5,Returned,Social,Chennai,CAM005
O00631,2026-06-08,C0066,P005,4,11524,20,Completed,Social,Delhi,CAM008
O00632,2026-04-26,C0063,P004,1,12255,0,Returned,Website,Delhi,CAM009
O00633,2026-01-23,C0006,P015,2,16000,5,Completed,Social,Mumbai,CAM002
O00634,2026-01-23,C0076,P002,3,13533,15,Completed,Mobile App,Delhi,CAM007
O00635,2026-03-28,C0064,P013,2,12877,5,Completed,Social,Delhi,CAM004
O00636,2026-04-17,C0080,P019,3,16000,20,Completed,Marketplace,Bengaluru,CAM002
O00637,2026-01-06,C0083,P016,2,17174,15,Completed,Website,Bengaluru,CAM002
O00638,2026-05-05,C0022,P009,1,9015,0,Completed,Website,Delhi,CAM002
O00639,2026-04-09,C0022,P002,2,12255,5,Completed,Mobile App,Bengaluru,CAM009
O00640,2026-01-03,C0093,P017,3,12255,15,Completed,Website,Hyderabad,CAM008
O00641,2026-01-18,C0054,P001,1,13533,20,Completed,Website,Bengaluru,CAM002
O00642,2026-03-24,C0044,P014,4,11294,20,Completed,Social,Hyderabad,CAM007
O00643,2026-05-11,C0029,P014,1,11524,20,Completed,Social,Delhi,CAM007
O00644,2026-05-30,C0064,P004,1,2266,0,Completed,Mobile App,Chennai,CAM006
O00645,2026-03-20,C0076,P015,3,1100,15,Completed,Website,Mumbai,CAM007
O00646,2026-02-23,C0001,P004,3,15417,0,Completed,Website,Mumbai,CAM010
O00647,2026-06-25,C0056,P005,2,11524,0,Completed,Social,Delhi,CAM006
O00648,2026-03-24,C0100,P017,2,11404,15,Completed,Mobile App,Delhi,CAM007
O00649,2026-02-27,C0029,P020,1,6427,10,Completed,Website,Mumbai,CAM006
O00650,2026-03-22,C0029,P006,3,6427,15,Completed,Mobile App,Chennai,CAM004
O00651,2026-01-03,C0088,P019,2,2044,20,Completed,Mobile App,Hyderabad,CAM009
O00652,2026-02-24,C0007,P019,1,9015,0,Completed,Marketplace,Mumbai,CAM005
O00653,2026-04-04,C0040,P016,2,9072,10,Completed,Mobile App,Delhi,CAM008
O00654,2026-06-16,C0046,P003,4,12877,20,Completed,Social,Bengaluru,CAM007
O00655,2026-05-14,C0080,P006,2,2266,10,Returned,Marketplace,Hyderabad,CAM007
O00656,2026-05-22,C0013,P014,4,13533,10,Completed,Social,Bengaluru,CAM008
O00657,2026-04-09,C0044,P020,2,12877,10,Completed,Mobile App,Mumbai,CAM008
O00658,2026-01-21,C0016,P017,1,11294,20,Completed,Marketplace,Chennai,CAM006
O00659,2026-03-12,C0079,P009,2,2266,0,Completed,Mobile App,Mumbai,CAM007
O00660,2026-06-30,C0064,P005,2,13261,20,Completed,Marketplace,Bengaluru,CAM006
O00661,2026-01-08,C0050,P020,1,11522,20,Completed,Marketplace,Delhi,CAM004
O00662,2026-06-09,C0040,P006,3,17174,20,Completed,Mobile App,Bengaluru,CAM008
O00663,2026-05-04,C0016,P007,2,2266,10,Completed,Social,Hyderabad,CAM009
O00664,2026-02-21,C0093,P020,3,2044,10,Completed,Social,Bengaluru,CAM008
O00665,2026-05-21,C0065,P012,2,11294,5,Completed,Social,Mumbai,CAM008
O00666,2026-06-01,C0032,P006,2,16000,5,Completed,Website,Hyderabad,CAM009
O00667,2026-01-08,C0042,P001,2,6427,20,Completed,Marketplace,Bengaluru,CAM004
O00668,2026-01-20,C0073,P009,1,9686,10,Completed,Website,Bengaluru,CAM001
O00669,2026-05-01,C0072,P020,3,7276,15,Completed,Website,Delhi,CAM004
O00670,2026-06-30,C0047,P009,1,9686,0,Completed,Social,Bengaluru,CAM008
O00671,2026-01-05,C0031,P014,3,9072,15,Completed,Website,Hyderabad,CAM009
O00672,2026-05-01,C0066,P006,4,9072,15,Completed,Social,Chennai,CAM006
O00673,2026-01-25,C0066,P016,4,17174,20,Returned,Mobile App,Hyderabad,CAM008
O00674,2026-04-28,C0060,P016,2,1100,0,Completed,Mobile App,Mumbai,CAM001
O00675,2026-04-23,C0008,P013,2,17174,10,Completed,Website,Bengaluru,CAM007
O00676,2026-01-17,C0048,P016,4,11404,10,Returned,Marketplace,Hyderabad,CAM007
O00677,2026-05-04,C0062,P012,2,11704,10,Completed,Marketplace,Delhi,CAM006
O00678,2026-06-12,C0096,P008,2,9072,0,Completed,Mobile App,Hyderabad,CAM008
O00679,2026-06-06,C0053,P015,4,11704,10,Completed,Social,Mumbai,CAM005
O00680,2026-01-06,C0035,P017,4,9072,5,Completed,Mobile App,Chennai,CAM006
O00681,2026-02-14,C0056,P017,4,12877,15,Completed,Marketplace,Chennai,CAM007
O00682,2026-02-13,C0018,P005,1,11294,5,Completed,Mobile App,Chennai,CAM008
O00683,2026-03-24,C0010,P014,4,11524,10,Completed,Marketplace,Mumbai,CAM003
O00684,2026-01-26,C0068,P001,1,11522,15,Completed,Website,Mumbai,CAM004
O00685,2026-06-04,C0099,P012,3,6427,0,Completed,Mobile App,Delhi,CAM005
O00686,2026-05-21,C0085,P012,4,11294,15,Completed,Marketplace,Bengaluru,CAM003
O00687,2026-05-27,C0059,P008,3,11522,15,Returned,Marketplace,Mumbai,CAM004
O00688,2026-02-05,C0005,P020,4,11704,0,Completed,Mobile App,Mumbai,CAM004
O00689,2026-01-03,C0099,P018,2,13261,0,Completed,Marketplace,Bengaluru,CAM004
O00690,2026-06-14,C0045,P001,2,7276,20,Completed,Marketplace,Bengaluru,CAM005
O00691,2026-02-22,C0029,P005,2,6427,5,Completed,Mobile App,Chennai,CAM006
O00692,2026-04-29,C0090,P005,2,11522,20,Completed,Website,Bengaluru,CAM007
O00693,2026-06-14,C0075,P018,3,11404,10,Returned,Marketplace,Mumbai,CAM004
O00694,2026-01-07,C0075,P011,2,11404,5,Completed,Social,Chennai,CAM009
O00695,2026-01-01,C0028,P015,3,2266,5,Completed,Social,Hyderabad,CAM005
O00696,2026-01-01,C0100,P017,2,13533,15,Completed,Marketplace,Bengaluru,CAM008
O00697,2026-01-29,C0046,P016,2,1100,0,Completed,Social,Chennai,CAM002
O00698,2026-01-10,C0054,P002,1,9015,10,Returned,Social,Bengaluru,CAM002
O00699,2026-05-29,C0076,P003,3,9015,5,Completed,Marketplace,Chennai,CAM005
O00700,2026-04-20,C0066,P008,4,9015,0,Completed,Website,Chennai,CAM004
O00701,2026-06-27,C0018,P007,4,7276,5,Completed,Marketplace,Delhi,CAM005
O00702,2026-05-26,C0031,P015,2,16000,10,Returned,Marketplace,Chennai,CAM002
O00703,2026-06-24,C0037,P004,2,13533,15,Completed,Mobile App,Hyderabad,CAM005
O00704,2026-02-13,C0095,P008,3,12877,0,Completed,Social,Bengaluru,CAM007
O00705,2026-02-22,C0072,P005,3,17174,20,Completed,Social,Bengaluru,CAM008
O00706,2026-06-03,C0037,P004,1,17174,20,Completed,Mobile App,Bengaluru,CAM003
O00707,2026-02-14,C0074,P004,3,12255,15,Completed,Mobile App,Mumbai,CAM004
O00708,2026-01-11,C0074,P004,1,12255,20,Completed,Website,Bengaluru,CAM006
O00709,2026-05-02,C0040,P012,1,11524,10,Completed,Website,Bengaluru,CAM006
O00710,2026-05-25,C0041,P009,3,16000,20,Returned,Mobile App,Mumbai,CAM008
O00711,2026-06-25,C0090,P009,1,13261,15,Completed,Mobile App,Hyderabad,CAM004
O00712,2026-06-17,C0057,P010,2,17174,10,Completed,Mobile App,Hyderabad,CAM007
O00713,2026-01-22,C0015,P015,3,1100,0,Completed,Website,Bengaluru,CAM009
O00714,2026-05-20,C0072,P018,3,12877,10,Completed,Mobile App,Hyderabad,CAM003
O00715,2026-06-03,C0059,P011,2,11524,20,Completed,Marketplace,Mumbai,CAM009
O00716,2026-05-07,C0051,P013,1,12877,20,Completed,Mobile App,Chennai,CAM004
O00717,2026-05-29,C0073,P015,4,17174,10,Completed,Marketplace,Mumbai,CAM004
O00718,2026-06-01,C0091,P014,4,12255,5,Completed,Mobile App,Chennai,CAM007
O00719,2026-03-22,C0034,P003,4,6427,15,Completed,Marketplace,Delhi,CAM007
O00720,2026-01-08,C0042,P020,3,11404,0,Completed,Marketplace,Delhi,CAM006
O00721,2026-03-24,C0019,P004,2,15417,0,Completed,Social,Chennai,CAM003
O00722,2026-02-06,C0065,P009,4,2266,10,Completed,Website,Delhi,CAM001
O00723,2026-01-21,C0041,P014,2,9015,20,Completed,Social,Delhi,CAM010
O00724,2026-01-23,C0035,P009,1,2266,5,Completed,Mobile App,Bengaluru,CAM009
O00725,2026-05-07,C0070,P005,4,12877,10,Completed,Website,Mumbai,CAM009
O00726,2026-04-02,C0041,P019,2,11522,5,Completed,Marketplace,Bengaluru,CAM006
O00727,2026-04-08,C0047,P002,4,11524,10,Completed,Website,Delhi,CAM009
O00728,2026-05-15,C0045,P005,2,15417,0,Completed,Website,Chennai,CAM005
O00729,2026-04-10,C0026,P020,4,2266,10,Completed,Social,Delhi,CAM001
O00730,2026-04-25,C0013,P015,3,9072,10,Completed,Website,Chennai,CAM002
O00731,2026-01-16,C0083,P002,2,9686,5,Completed,Marketplace,Mumbai,CAM003
O00732,2026-06-04,C0010,P016,2,6427,5,Completed,Website,Bengaluru,CAM004
O00733,2026-03-23,C0033,P020,4,15417,15,Completed,Website,Hyderabad,CAM010
O00734,2026-01-29,C0067,P002,1,11704,0,Completed,Website,Mumbai,CAM004
O00735,2026-05-28,C0014,P009,2,11524,0,Completed,Website,Bengaluru,CAM007
O00736,2026-05-13,C0066,P010,2,11704,0,Completed,Mobile App,Mumbai,CAM003
O00737,2026-01-10,C0074,P003,3,6427,20,Completed,Mobile App,Hyderabad,CAM007
O00738,2026-02-04,C0067,P005,2,17174,5,Returned,Website,Mumbai,CAM006
O00739,2026-01-03,C0031,P004,3,6427,0,Completed,Mobile App,Hyderabad,CAM002
O00740,2026-02-19,C0002,P004,2,17174,20,Completed,Mobile App,Chennai,CAM005
O00741,2026-01-19,C0089,P009,1,15417,0,Completed,Marketplace,Hyderabad,CAM002
O00742,2026-05-09,C0033,P010,1,11294,5,Completed,Social,Delhi,CAM009
O00743,2026-04-05,C0081,P005,3,1100,0,Completed,Marketplace,Bengaluru,CAM008
O00744,2026-06-27,C0020,P006,2,17174,15,Completed,Social,Chennai,CAM010
O00745,2026-05-16,C0017,P004,2,11294,15,Completed,Website,Chennai,CAM009
O00746,2026-04-21,C0078,P016,3,13533,15,Completed,Website,Mumbai,CAM003
O00747,2026-04-03,C0094,P005,2,13533,5,Completed,Social,Chennai,CAM008
O00748,2026-01-10,C0087,P019,2,6427,5,Completed,Mobile App,Bengaluru,CAM002
O00749,2026-01-13,C0076,P011,1,16000,20,Completed,Social,Delhi,CAM010
O00750,2026-04-22,C0025,P017,2,15417,20,Completed,Mobile App,Hyderabad,CAM008
O00751,2026-01-01,C0092,P013,3,2266,0,Completed,Website,Bengaluru,CAM007
O00752,2026-01-08,C0067,P006,3,15417,15,Returned,Social,Chennai,CAM010
O00753,2026-02-09,C0018,P013,4,11522,20,Completed,Marketplace,Delhi,CAM009
O00754,2026-06-10,C0013,P006,4,11704,10,Completed,Social,Bengaluru,CAM009
O00755,2026-03-25,C0088,P003,1,2044,15,Completed,Mobile App,Mumbai,CAM002
O00756,2026-05-09,C0028,P006,2,12255,0,Completed,Website,Mumbai,CAM001
O00757,2026-03-16,C0077,P006,2,11704,0,Completed,Marketplace,Bengaluru,CAM010
O00758,2026-02-01,C0014,P003,3,2044,0,Completed,Website,Hyderabad,CAM003
O00759,2026-03-09,C0029,P001,2,11524,0,Completed,Marketplace,Chennai,CAM005
O00760,2026-01-17,C0029,P019,4,6427,20,Completed,Mobile App,Delhi,CAM001
O00761,2026-05-20,C0029,P011,2,11522,15,Completed,Social,Chennai,CAM007
O00762,2026-02-03,C0068,P009,3,7276,15,Completed,Social,Hyderabad,CAM009
O00763,2026-03-10,C0092,P019,1,12877,5,Completed,Mobile App,Hyderabad,CAM009
O00764,2026-06-27,C0092,P005,4,11404,20,Completed,Social,Delhi,CAM006
O00765,2026-04-18,C0075,P009,4,9015,0,Completed,Website,Mumbai,CAM007
O00766,2026-03-24,C0021,P017,4,11704,20,Returned,Website,Chennai,CAM006
O00767,2026-04-09,C0097,P013,2,9686,0,Completed,Social,Hyderabad,CAM005
O00768,2026-05-22,C0055,P008,1,16000,0,Completed,Marketplace,Chennai,CAM006
O00769,2026-02-16,C0055,P006,3,9072,0,Completed,Mobile App,Chennai,CAM010
O00770,2026-04-26,C0071,P001,2,12877,15,Completed,Website,Bengaluru,CAM003
O00771,2026-06-07,C0077,P002,4,9015,5,Completed,Mobile App,Hyderabad,CAM005
O00772,2026-04-14,C0096,P004,3,11704,10,Returned,Marketplace,Delhi,CAM007
O00773,2026-03-22,C0059,P016,3,11404,10,Completed,Social,Mumbai,CAM006
O00774,2026-01-27,C0062,P013,4,11524,15,Completed,Social,Chennai,CAM001
O00775,2026-02-14,C0075,P009,4,17174,5,Completed,Mobile App,Chennai,CAM003
O00776,2026-06-21,C0026,P016,2,2044,0,Completed,Mobile App,Bengaluru,CAM007
O00777,2026-04-08,C0031,P004,1,11524,5,Completed,Website,Hyderabad,CAM007
O00778,2026-02-24,C0063,P005,1,13261,5,Completed,Website,Hyderabad,CAM008
O00779,2026-03-17,C0007,P008,2,11704,15,Completed,Mobile App,Hyderabad,CAM010
O00780,2026-04-15,C0033,P019,3,11704,15,Completed,Marketplace,Mumbai,CAM007
O00781,2026-04-08,C0072,P013,1,12255,0,Completed,Website,Mumbai,CAM006
O00782,2026-05-07,C0098,P018,1,13261,15,Completed,Mobile App,Bengaluru,CAM004
O00783,2026-02-16,C0052,P005,3,12255,0,Completed,Marketplace,Delhi,CAM004
O00784,2026-04-28,C0040,P017,4,11704,15,Completed,Social,Mumbai,CAM009
O00785,2026-03-22,C0045,P002,1,11404,5,Completed,Social,Hyderabad,CAM005
O00786,2026-06-20,C0069,P005,3,11294,5,Completed,Mobile App,Hyderabad,CAM008
O00787,2026-01-29,C0055,P011,1,11522,10,Completed,Mobile App,Bengaluru,CAM002
O00788,2026-01-27,C0003,P002,3,7276,5,Returned,Social,Hyderabad,CAM002
O00789,2026-03-25,C0054,P018,4,17174,15,Completed,Marketplace,Bengaluru,CAM003
O00790,2026-04-03,C0041,P018,4,9072,20,Completed,Mobile App,Chennai,CAM002
O00791,2026-05-06,C0071,P011,3,6427,20,Completed,Marketplace,Chennai,CAM007
O00792,2026-03-15,C0088,P007,3,2266,10,Completed,Website,Hyderabad,CAM007
O00793,2026-06-15,C0097,P002,4,1100,10,Completed,Mobile App,Delhi,CAM006
O00794,2026-03-27,C0062,P013,3,12877,10,Completed,Mobile App,Hyderabad,CAM003
O00795,2026-01-24,C0037,P011,2,9072,15,Completed,Social,Chennai,CAM006
O00796,2026-01-22,C0045,P016,4,9072,10,Completed,Website,Hyderabad,CAM002
O00797,2026-06-26,C0018,P013,3,11704,10,Returned,Social,Hyderabad,CAM005
O00798,2026-01-25,C0094,P003,4,17174,10,Completed,Mobile App,Hyderabad,CAM002
O00799,2026-06-21,C0085,P003,3,7276,5,Completed,Website,Chennai,CAM001
O00800,2026-02-20,C0086,P016,4,13261,10,Completed,Marketplace,Mumbai,CAM002
O00801,2026-01-17,C0033,P004,1,1100,15,Completed,Marketplace,Hyderabad,CAM002
O00802,2026-02-25,C0033,P019,1,17174,10,Completed,Website,Delhi,CAM005
O00803,2026-04-22,C0086,P003,1,13261,20,Completed,Website,Hyderabad,CAM006
O00804,2026-03-19,C0055,P015,3,11522,20,Completed,Website,Chennai,CAM007
O00805,2026-05-23,C0071,P020,3,13261,10,Completed,Mobile App,Hyderabad,CAM005
O00806,2026-04-21,C0049,P009,1,11704,20,Completed,Website,Delhi,CAM002
O00807,2026-03-14,C0045,P002,1,2044,0,Completed,Marketplace,Delhi,CAM001
O00808,2026-04-25,C0064,P018,4,11524,20,Completed,Website,Bengaluru,CAM008
O00809,2026-06-25,C0082,P004,4,11524,5,Returned,Social,Chennai,CAM010
O00810,2026-03-16,C0034,P011,3,9072,10,Completed,Social,Delhi,CAM003
O00811,2026-01-28,C0081,P020,2,13261,5,Completed,Marketplace,Delhi,CAM003
O00812,2026-03-15,C0025,P015,2,9686,10,Completed,Social,Hyderabad,CAM004
O00813,2026-06-02,C0041,P001,1,9686,5,Completed,Social,Mumbai,CAM003
O00814,2026-02-09,C0092,P017,1,13533,15,Completed,Website,Mumbai,CAM003
O00815,2026-06-21,C0096,P004,4,2044,0,Completed,Mobile App,Hyderabad,CAM005
O00816,2026-04-17,C0093,P015,2,11524,20,Completed,Social,Hyderabad,CAM008
O00817,2026-04-19,C0032,P013,3,2044,20,Completed,Mobile App,Bengaluru,CAM008
O00818,2026-02-27,C0085,P006,3,2044,10,Completed,Marketplace,Mumbai,CAM010
O00819,2026-06-16,C0094,P009,2,12877,10,Completed,Social,Hyderabad,CAM004
O00820,2026-01-07,C0098,P003,1,11524,15,Completed,Social,Bengaluru,CAM005
O00821,2026-02-24,C0003,P020,3,2044,0,Completed,Mobile App,Delhi,CAM004
O00822,2026-03-17,C0075,P005,1,17174,15,Returned,Mobile App,Bengaluru,CAM001
O00823,2026-03-28,C0100,P007,2,11704,5,Completed,Website,Bengaluru,CAM004
O00824,2026-03-27,C0077,P011,4,9072,15,Completed,Mobile App,Delhi,CAM003
O00825,2026-01-27,C0024,P014,3,12877,5,Completed,Mobile App,Delhi,CAM005
O00826,2026-02-10,C0077,P011,4,7276,15,Completed,Mobile App,Chennai,CAM002
O00827,2026-01-18,C0011,P011,1,15417,15,Completed,Mobile App,Hyderabad,CAM008
O00828,2026-04-14,C0049,P012,1,13261,5,Completed,Social,Mumbai,CAM009
O00829,2026-03-05,C0063,P018,2,16000,15,Completed,Social,Chennai,CAM010
O00830,2026-04-13,C0046,P008,2,13261,10,Completed,Marketplace,Delhi,CAM001
O00831,2026-04-17,C0070,P017,1,9686,5,Completed,Website,Delhi,CAM002
O00832,2026-05-08,C0025,P016,4,13261,10,Completed,Mobile App,Mumbai,CAM010
O00833,2026-04-10,C0061,P020,1,1100,20,Completed,Marketplace,Delhi,CAM009
O00834,2026-04-28,C0065,P019,3,9015,0,Completed,Website,Chennai,CAM006
O00835,2026-04-17,C0064,P016,3,11294,20,Completed,Mobile App,Chennai,CAM004
O00836,2026-04-29,C0029,P005,3,2266,20,Completed,Marketplace,Hyderabad,CAM006
O00837,2026-04-22,C0031,P016,1,2266,10,Completed,Social,Mumbai,CAM006
O00838,2026-02-27,C0026,P015,2,2266,15,Completed,Social,Delhi,CAM009
O00839,2026-02-14,C0047,P006,3,11524,5,Completed,Mobile App,Hyderabad,CAM006
O00840,2026-05-23,C0059,P014,2,9015,0,Completed,Mobile App,Delhi,CAM001
O00841,2026-03-04,C0037,P006,3,16000,10,Completed,Mobile App,Hyderabad,CAM007
O00842,2026-04-10,C0041,P011,1,13533,20,Completed,Marketplace,Chennai,CAM008
O00843,2026-02-05,C0029,P016,1,15417,5,Completed,Mobile App,Mumbai,CAM003
O00844,2026-03-20,C0022,P004,3,9015,15,Completed,Mobile App,Hyderabad,CAM002
O00845,2026-04-06,C0066,P007,3,11704,15,Completed,Website,Delhi,CAM002
O00846,2026-04-24,C0082,P016,1,17174,15,Completed,Mobile App,Mumbai,CAM009
O00847,2026-04-06,C0030,P010,4,1100,5,Completed,Website,Mumbai,CAM005
O00848,2026-03-07,C0087,P020,1,2266,5,Completed,Marketplace,Mumbai,CAM006
O00849,2026-06-24,C0058,P001,4,11294,10,Completed,Social,Hyderabad,CAM010
O00850,2026-04-03,C0017,P015,3,11704,20,Returned,Social,Bengaluru,CAM001
O00851,2026-05-27,C0037,P017,4,13261,20,Completed,Mobile App,Delhi,CAM003
O00852,2026-05-14,C0001,P019,4,15417,10,Completed,Social,Chennai,CAM009
O00853,2026-04-12,C0004,P004,2,11704,20,Completed,Social,Bengaluru,CAM006
O00854,2026-06-10,C0034,P020,4,7276,10,Completed,Mobile App,Delhi,CAM001
O00855,2026-01-24,C0046,P008,1,2044,5,Completed,Social,Delhi,CAM008
O00856,2026-06-16,C0080,P008,2,13261,0,Completed,Mobile App,Delhi,CAM002
O00857,2026-06-03,C0014,P008,1,11704,15,Completed,Social,Chennai,CAM008
O00858,2026-04-02,C0084,P013,2,9015,15,Completed,Mobile App,Mumbai,CAM008
O00859,2026-05-13,C0024,P014,4,12877,20,Completed,Mobile App,Bengaluru,CAM009
O00860,2026-04-05,C0014,P010,2,15417,15,Returned,Website,Bengaluru,CAM005
O00861,2026-02-18,C0070,P002,1,11404,0,Completed,Social,Mumbai,CAM003
O00862,2026-05-25,C0078,P020,2,2266,10,Completed,Mobile App,Delhi,CAM009
O00863,2026-02-14,C0061,P005,4,11522,15,Returned,Social,Bengaluru,CAM006
O00864,2026-02-26,C0012,P002,3,9015,10,Completed,Website,Hyderabad,CAM007
O00865,2026-04-04,C0012,P012,3,11294,10,Completed,Marketplace,Chennai,CAM002
O00866,2026-06-01,C0040,P009,2,13533,20,Completed,Mobile App,Mumbai,CAM007
O00867,2026-03-11,C0046,P013,2,11704,15,Completed,Mobile App,Hyderabad,CAM006
O00868,2026-03-31,C0100,P018,3,7276,15,Returned,Website,Bengaluru,CAM003
O00869,2026-01-08,C0029,P002,3,15417,10,Completed,Website,Hyderabad,CAM008
O00870,2026-01-21,C0020,P006,4,11294,5,Completed,Mobile App,Mumbai,CAM002
O00871,2026-01-11,C0095,P011,3,2266,10,Completed,Mobile App,Mumbai,CAM008
O00872,2026-01-14,C0016,P016,4,16000,20,Completed,Social,Chennai,CAM010
O00873,2026-06-07,C0003,P013,4,1100,15,Completed,Mobile App,Hyderabad,CAM006
O00874,2026-06-02,C0043,P008,1,13261,15,Completed,Website,Mumbai,CAM002
O00875,2026-05-29,C0041,P013,2,11524,0,Completed,Mobile App,Hyderabad,CAM006
O00876,2026-01-11,C0062,P020,2,11524,20,Completed,Marketplace,Mumbai,CAM006
O00877,2026-01-15,C0088,P010,1,9686,5,Completed,Mobile App,Mumbai,CAM006
O00878,2026-02-20,C0094,P018,1,11404,20,Completed,Social,Delhi,CAM003
O00879,2026-04-13,C0029,P016,4,13261,10,Completed,Mobile App,Delhi,CAM007
O00880,2026-03-02,C0099,P007,2,12877,20,Completed,Marketplace,Mumbai,CAM003
O00881,2026-03-30,C0064,P005,1,2044,20,Completed,Website,Bengaluru,CAM006
O00882,2026-02-01,C0007,P016,2,9686,15,Completed,Website,Mumbai,CAM006
O00883,2026-05-13,C0094,P005,2,12255,20,Completed,Social,Chennai,CAM007
O00884,2026-02-26,C0014,P007,1,17174,15,Completed,Mobile App,Bengaluru,CAM008
O00885,2026-01-13,C0059,P005,1,11522,20,Completed,Mobile App,Bengaluru,CAM009
O00886,2026-05-15,C0080,P013,4,1100,0,Completed,Marketplace,Hyderabad,CAM008
O00887,2026-06-13,C0025,P006,4,1100,0,Returned,Website,Bengaluru,CAM008
O00888,2026-01-03,C0028,P014,2,9072,10,Completed,Marketplace,Chennai,CAM009
O00889,2026-03-21,C0048,P019,3,11522,20,Completed,Mobile App,Delhi,CAM003
O00890,2026-05-30,C0089,P017,4,16000,15,Completed,Website,Mumbai,CAM003
O00891,2026-05-08,C0023,P019,4,6427,10,Completed,Mobile App,Chennai,CAM006
O00892,2026-06-05,C0067,P001,1,9015,10,Returned,Mobile App,Bengaluru,CAM005
O00893,2026-03-17,C0046,P010,4,11294,15,Completed,Website,Delhi,CAM008
O00894,2026-03-09,C0012,P005,1,9072,20,Completed,Marketplace,Delhi,CAM001
O00895,2026-05-09,C0072,P019,1,1100,20,Completed,Marketplace,Hyderabad,CAM002
O00896,2026-01-28,C0084,P015,2,9686,0,Completed,Mobile App,Hyderabad,CAM008
O00897,2026-02-13,C0058,P007,3,13261,10,Completed,Social,Mumbai,CAM009
O00898,2026-04-19,C0018,P012,1,11404,5,Completed,Marketplace,Bengaluru,CAM004
O00899,2026-05-01,C0016,P013,2,2266,15,Completed,Social,Mumbai,CAM004
O00900,2026-01-22,C0043,P010,2,13533,10,Returned,Website,Bengaluru,CAM006
O00901,2026-04-03,C0051,P010,2,9686,20,Completed,Social,Chennai,CAM005
O00902,2026-03-08,C0056,P002,4,11294,10,Completed,Mobile App,Bengaluru,CAM002
O00903,2026-04-01,C0025,P010,2,11522,15,Completed,Marketplace,Hyderabad,CAM006
O00904,2026-06-23,C0051,P007,1,11404,0,Completed,Social,Delhi,CAM009
O00905,2026-01-14,C0030,P017,1,11704,20,Completed,Mobile App,Mumbai,CAM008
O00906,2026-06-30,C0069,P018,1,11294,0,Completed,Mobile App,Hyderabad,CAM009
O00907,2026-03-23,C0080,P016,1,12877,5,Completed,Website,Delhi,CAM007
O00908,2026-05-20,C0066,P001,3,15417,20,Completed,Marketplace,Chennai,CAM009
O00909,2026-03-18,C0001,P017,2,2044,20,Completed,Social,Bengaluru,CAM003
O00910,2026-02-26,C0100,P008,2,11404,10,Returned,Mobile App,Mumbai,CAM001
O00911,2026-05-20,C0003,P009,4,11524,10,Completed,Website,Chennai,CAM002
O00912,2026-05-05,C0100,P019,3,11294,0,Completed,Mobile App,Delhi,CAM010
O00913,2026-01-27,C0004,P018,1,11294,20,Completed,Mobile App,Mumbai,CAM007
O00914,2026-05-08,C0052,P002,2,17174,0,Completed,Social,Delhi,CAM003
O00915,2026-05-17,C0011,P008,2,7276,0,Completed,Website,Mumbai,CAM009
O00916,2026-03-12,C0010,P015,4,11294,10,Completed,Mobile App,Mumbai,CAM004
O00917,2026-06-17,C0069,P011,2,16000,0,Completed,Marketplace,Chennai,CAM006
O00918,2026-04-27,C0073,P006,1,1100,0,Completed,Website,Bengaluru,CAM003
O00919,2026-03-02,C0012,P011,3,7276,15,Completed,Social,Chennai,CAM001
O00920,2026-01-02,C0098,P018,2,11404,15,Completed,Social,Mumbai,CAM003
O00921,2026-05-03,C0033,P005,1,6427,5,Completed,Mobile App,Mumbai,CAM003
O00922,2026-02-07,C0032,P015,3,12877,15,Completed,Marketplace,Delhi,CAM006
O00923,2026-05-17,C0030,P015,1,16000,15,Completed,Social,Mumbai,CAM001
O00924,2026-04-06,C0047,P018,4,2044,5,Completed,Marketplace,Delhi,CAM003
O00925,2026-03-26,C0018,P006,4,16000,15,Completed,Website,Delhi,CAM006
O00926,2026-01-30,C0043,P005,2,13533,10,Completed,Website,Delhi,CAM004
O00927,2026-05-09,C0021,P011,3,7276,20,Completed,Mobile App,Mumbai,CAM007
O00928,2026-01-31,C0006,P011,3,17174,0,Completed,Website,Hyderabad,CAM007
O00929,2026-03-17,C0037,P009,3,11404,5,Completed,Mobile App,Mumbai,CAM010
O00930,2026-06-01,C0068,P016,1,9072,5,Completed,Marketplace,Mumbai,CAM009
O00931,2026-06-16,C0077,P016,2,9686,5,Completed,Marketplace,Hyderabad,CAM003
O00932,2026-06-29,C0036,P005,1,9015,20,Completed,Website,Mumbai,CAM007
O00933,2026-06-23,C0033,P016,3,12255,15,Completed,Website,Delhi,CAM007
O00934,2026-04-11,C0079,P005,1,17174,10,Completed,Website,Bengaluru,CAM006
O00935,2026-02-06,C0069,P009,3,13261,10,Completed,Mobile App,Delhi,CAM008
O00936,2026-06-01,C0084,P001,3,12255,20,Completed,Social,Hyderabad,CAM002
O00937,2026-05-26,C0091,P007,4,9015,10,Completed,Mobile App,Delhi,CAM004
O00938,2026-06-29,C0083,P020,2,9686,5,Completed,Mobile App,Chennai,CAM009
O00939,2026-04-28,C0094,P009,1,11404,0,Completed,Marketplace,Hyderabad,CAM009
O00940,2026-01-26,C0042,P015,3,11522,5,Completed,Website,Mumbai,CAM001
O00941,2026-04-02,C0040,P003,1,16000,15,Completed,Website,Mumbai,CAM005
O00942,2026-03-23,C0033,P013,1,11704,10,Completed,Website,Bengaluru,CAM003
O00943,2026-06-02,C0024,P008,4,13261,10,Completed,Marketplace,Delhi,CAM002
O00944,2026-03-13,C0075,P015,4,2044,10,Completed,Mobile App,Delhi,CAM001
O00945,2026-03-01,C0072,P019,3,11524,20,Completed,Marketplace,Delhi,CAM006
O00946,2026-01-15,C0081,P011,4,6427,20,Completed,Marketplace,Delhi,CAM007
O00947,2026-06-01,C0017,P003,1,9072,0,Completed,Mobile App,Bengaluru,CAM006
O00948,2026-05-17,C0050,P010,1,9015,0,Completed,Social,Delhi,CAM004
O00949,2026-01-08,C0023,P003,2,2266,5,Completed,Social,Delhi,CAM008
O00950,2026-03-20,C0090,P009,1,1100,20,Completed,Website,Mumbai,CAM007
O00951,2026-03-28,C0027,P002,4,7276,10,Returned,Social,Chennai,CAM010
O00952,2026-03-26,C0015,P013,1,9686,20,Completed,Website,Hyderabad,CAM004
O00953,2026-06-16,C0057,P007,3,13533,15,Completed,Website,Chennai,CAM003
O00954,2026-01-28,C0088,P005,4,6427,10,Completed,Marketplace,Delhi,CAM005
O00955,2026-02-25,C0092,P001,3,9686,5,Completed,Website,Chennai,CAM006
O00956,2026-02-02,C0010,P018,1,13261,5,Completed,Mobile App,Delhi,CAM005
O00957,2026-02-14,C0033,P017,2,12877,0,Completed,Website,Delhi,CAM009
O00958,2026-06-14,C0016,P017,3,7276,10,Completed,Mobile App,Delhi,CAM001
O00959,2026-06-20,C0031,P002,4,6427,5,Completed,Social,Delhi,CAM006
O00960,2026-01-09,C0054,P007,2,11524,5,Completed,Social,Hyderabad,CAM005
O00961,2026-04-25,C0029,P020,2,9686,0,Completed,Website,Mumbai,CAM003
O00962,2026-02-12,C0007,P012,4,2044,15,Completed,Marketplace,Hyderabad,CAM007
O00963,2026-02-04,C0052,P003,4,11404,20,Completed,Mobile App,Delhi,CAM009
O00964,2026-02-22,C0006,P003,2,9686,10,Returned,Mobile App,Chennai,CAM006
O00965,2026-02-05,C0023,P006,1,11524,10,Completed,Marketplace,Mumbai,CAM001
O00966,2026-03-30,C0001,P020,3,9072,20,Completed,Social,Chennai,CAM001
O00967,2026-06-30,C0009,P004,4,2044,10,Completed,Mobile App,Delhi,CAM005
O00968,2026-04-17,C0044,P019,4,17174,15,Completed,Website,Mumbai,CAM007
O00969,2026-05-11,C0086,P014,2,11404,10,Completed,Social,Mumbai,CAM004
O00970,2026-03-31,C0078,P019,1,7276,10,Completed,Social,Hyderabad,CAM004
O00971,2026-01-03,C0010,P017,3,13261,10,Completed,Mobile App,Chennai,CAM009
O00972,2026-01-16,C0004,P007,4,6427,15,Completed,Marketplace,Delhi,CAM001
O00973,2026-02-18,C0034,P017,4,11404,15,Completed,Social,Bengaluru,CAM001
O00974,2026-02-14,C0066,P004,1,9015,10,Completed,Marketplace,Bengaluru,CAM002
O00975,2026-06-02,C0075,P006,2,7276,0,Completed,Mobile App,Hyderabad,CAM010
O00976,2026-06-02,C0083,P005,2,13261,20,Completed,Social,Bengaluru,CAM005
O00977,2026-06-04,C0035,P003,1,16000,20,Completed,Social,Delhi,CAM002
O00978,2026-04-26,C0017,P002,4,11294,0,Completed,Marketplace,Hyderabad,CAM004
O00979,2026-04-11,C0003,P004,1,13261,5,Completed,Website,Chennai,CAM010
O00980,2026-04-28,C0015,P003,3,11522,20,Completed,Mobile App,Hyderabad,CAM007
O00981,2026-03-15,C0007,P008,4,7276,5,Completed,Marketplace,Chennai,CAM003
O00982,2026-05-02,C0087,P002,3,11524,20,Completed,Mobile App,Hyderabad,CAM003
O00983,2026-05-24,C0027,P002,4,2044,15,Completed,Marketplace,Mumbai,CAM001
O00984,2026-05-19,C0083,P020,2,2044,20,Completed,Marketplace,Chennai,CAM008
O00985,2026-04-22,C0056,P002,4,12255,0,Returned,Website,Mumbai,CAM002
O00986,2026-01-11,C0054,P002,2,11522,10,Completed,Marketplace,Delhi,CAM003
O00987,2026-05-12,C0046,P001,1,9686,10,Completed,Marketplace,Bengaluru,CAM004
O00988,2026-03-08,C0082,P003,2,11294,20,Completed,Website,Hyderabad,CAM007
O00989,2026-05-15,C0005,P011,2,9015,5,Completed,Marketplace,Bengaluru,CAM007
O00990,2026-04-08,C0010,P017,3,9686,5,Completed,Marketplace,Mumbai,CAM008
O00991,2026-06-09,C0043,P015,2,11522,0,Completed,Website,Chennai,CAM003
O00992,2026-03-03,C0040,P012,2,12877,15,Returned,Marketplace,Bengaluru,CAM004
O00993,2026-06-18,C0055,P002,2,9686,20,Completed,Mobile App,Chennai,CAM004
O00994,2026-06-02,C0074,P016,2,11404,0,Completed,Mobile App,Hyderabad,CAM001
O00995,2026-03-01,C0059,P001,3,11522,5,Completed,Marketplace,Hyderabad,CAM008
O00996,2026-03-29,C0026,P013,2,13261,5,Returned,Website,Bengaluru,CAM006
O00997,2026-04-07,C0033,P009,4,11522,20,Completed,Website,Chennai,CAM005
O00998,2026-05-20,C0076,P018,2,7276,10,Completed,Mobile App,Chennai,CAM010
O00999,2026-05-05,C0021,P007,4,7276,5,Completed,Social,Bengaluru,CAM002
O01000,2026-06-04,C0051,P013,2,11524,5,Completed,Website,Delhi,CAM010
O01001,2026-03-08,C0054,P009,1,11704,10,Completed,Social,Chennai,CAM007
O01002,2026-04-02,C0076,P011,1,12255,5,Completed,Website,Delhi,CAM003
O01003,2026-03-19,C0072,P019,4,9686,0,Completed,Mobile App,Mumbai,CAM007
O01004,2026-06-14,C0047,P015,4,11404,20,Completed,Mobile App,Mumbai,CAM008
O01005,2026-02-25,C0031,P009,1,11404,10,Completed,Mobile App,Delhi,CAM004
O01006,2026-04-17,C0037,P009,3,16000,5,Returned,Website,Delhi,CAM004
O01007,2026-01-22,C0042,P015,3,17174,15,Returned,Social,Bengaluru,CAM009
O01008,2026-06-03,C0022,P007,1,16000,15,Completed,Mobile App,Mumbai,CAM002
O01009,2026-03-11,C0063,P004,2,2266,0,Completed,Social,Chennai,CAM001
O01010,2026-03-03,C0021,P010,3,1100,0,Completed,Marketplace,Hyderabad,CAM007
O01011,2026-04-16,C0065,P002,4,9686,0,Completed,Marketplace,Mumbai,CAM010
O01012,2026-04-01,C0076,P004,4,2266,15,Completed,Mobile App,Mumbai,CAM006
O01013,2026-06-03,C0097,P009,1,12255,15,Completed,Marketplace,Hyderabad,CAM002
O01014,2026-04-07,C0012,P016,1,11522,15,Completed,Social,Delhi,CAM006
O01015,2026-04-04,C0076,P016,2,16000,15,Completed,Social,Hyderabad,CAM003
O01016,2026-01-20,C0009,P006,1,13533,10,Completed,Social,Delhi,CAM009
O01017,2026-01-04,C0034,P009,3,16000,10,Completed,Website,Hyderabad,CAM007
O01018,2026-03-14,C0018,P004,1,2266,15,Completed,Marketplace,Bengaluru,CAM004
O01019,2026-06-30,C0017,P016,1,9686,5,Completed,Mobile App,Mumbai,CAM007
O01020,2026-06-16,C0018,P005,1,13533,20,Returned,Social,Mumbai,CAM007
O01021,2026-04-24,C0005,P016,2,16000,20,Returned,Social,Bengaluru,CAM007
O01022,2026-04-25,C0083,P017,4,17174,20,Completed,Social,Delhi,CAM004
O01023,2026-03-12,C0007,P014,1,12877,20,Completed,Website,Delhi,CAM006
O01024,2026-02-02,C0040,P007,4,13533,5,Completed,Mobile App,Bengaluru,CAM001
O01025,2026-01-02,C0070,P020,2,9015,0,Returned,Marketplace,Bengaluru,CAM005
O01026,2026-03-03,C0100,P014,1,11524,10,Completed,Marketplace,Bengaluru,CAM004
O01027,2026-02-27,C0086,P013,2,7276,15,Completed,Mobile App,Chennai,CAM006
O01028,2026-02-04,C0014,P018,3,9686,15,Completed,Website,Chennai,CAM010
O01029,2026-02-16,C0099,P018,1,17174,5,Returned,Website,Mumbai,CAM010
O01030,2026-01-05,C0066,P002,1,2266,5,Completed,Marketplace,Hyderabad,CAM005
O01031,2026-04-21,C0018,P018,4,2266,10,Completed,Mobile App,Mumbai,CAM007
O01032,2026-06-17,C0045,P016,3,6427,20,Completed,Mobile App,Chennai,CAM002
O01033,2026-05-06,C0092,P005,2,7276,0,Completed,Social,Chennai,CAM005
O01034,2026-03-23,C0040,P007,4,12255,5,Completed,Website,Mumbai,CAM007
O01035,2026-03-18,C0019,P016,4,13261,5,Returned,Social,Hyderabad,CAM007
O01036,2026-02-25,C0088,P005,2,2044,20,Completed,Mobile App,Hyderabad,CAM010
O01037,2026-01-26,C0096,P010,3,7276,10,Completed,Social,Bengaluru,CAM005
O01038,2026-04-19,C0098,P014,1,11524,0,Completed,Social,Chennai,CAM010
O01039,2026-04-13,C0096,P014,2,1100,5,Returned,Marketplace,Bengaluru,CAM010
O01040,2026-01-02,C0088,P019,3,11294,0,Completed,Mobile App,Chennai,CAM006
O01041,2026-03-17,C0046,P003,1,9072,10,Returned,Website,Delhi,CAM001
O01042,2026-02-20,C0020,P006,4,12877,20,Completed,Website,Chennai,CAM004
O01043,2026-01-31,C0062,P020,4,12255,10,Returned,Social,Mumbai,CAM008
O01044,2026-05-08,C0023,P012,2,11404,20,Completed,Website,Mumbai,CAM006
O01045,2026-04-06,C0048,P005,2,13261,15,Completed,Mobile App,Mumbai,CAM010
O01046,2026-04-25,C0066,P006,1,17174,20,Completed,Mobile App,Mumbai,CAM009
O01047,2026-05-10,C0095,P007,3,1100,5,Completed,Marketplace,Mumbai,CAM001
O01048,2026-06-27,C0029,P012,1,9015,20,Completed,Social,Delhi,CAM009
O01049,2026-05-26,C0026,P006,2,6427,5,Completed,Marketplace,Bengaluru,CAM004
O01050,2026-04-23,C0074,P013,3,13533,10,Completed,Social,Bengaluru,CAM009
O01051,2026-06-09,C0001,P009,3,2266,15,Completed,Marketplace,Chennai,CAM006
O01052,2026-03-28,C0057,P013,3,12255,5,Completed,Mobile App,Delhi,CAM005
O01053,2026-06-28,C0075,P004,1,2266,5,Completed,Website,Mumbai,CAM001
O01054,2026-05-18,C0056,P013,4,11294,0,Completed,Website,Mumbai,CAM002
O01055,2026-04-28,C0039,P019,3,12877,0,Completed,Mobile App,Delhi,CAM006
O01056,2026-06-13,C0083,P003,4,17174,10,Completed,Website,Mumbai,CAM006
O01057,2026-04-04,C0038,P007,2,11522,20,Completed,Mobile App,Delhi,CAM006
O01058,2026-05-11,C0072,P014,4,16000,5,Completed,Mobile App,Bengaluru,CAM002
O01059,2026-02-21,C0047,P013,2,13533,10,Completed,Mobile App,Bengaluru,CAM006
O01060,2026-06-24,C0003,P014,4,13533,20,Completed,Social,Chennai,CAM001
O01061,2026-04-23,C0054,P012,1,15417,15,Returned,Social,Mumbai,CAM002
O01062,2026-05-22,C0005,P014,1,6427,0,Completed,Marketplace,Delhi,CAM005
O01063,2026-03-25,C0094,P013,3,11404,10,Completed,Website,Chennai,CAM007
O01064,2026-06-06,C0061,P002,3,11294,0,Completed,Mobile App,Mumbai,CAM007
O01065,2026-01-14,C0038,P016,3,11524,5,Completed,Marketplace,Bengaluru,CAM010
O01066,2026-01-21,C0049,P009,2,13261,5,Completed,Marketplace,Bengaluru,CAM009
O01067,2026-04-02,C0062,P002,4,2044,15,Completed,Mobile App,Delhi,CAM004
O01068,2026-05-13,C0027,P009,2,13533,0,Completed,Mobile App,Mumbai,CAM008
O01069,2026-05-27,C0029,P009,3,6427,5,Completed,Mobile App,Chennai,CAM001
O01070,2026-03-21,C0042,P002,4,6427,5,Completed,Marketplace,Hyderabad,CAM009
O01071,2026-04-28,C0026,P020,3,11522,5,Completed,Website,Hyderabad,CAM004
O01072,2026-04-11,C0076,P005,3,11522,15,Completed,Marketplace,Mumbai,CAM008
O01073,2026-06-24,C0011,P007,4,2044,5,Completed,Website,Bengaluru,CAM010
O01074,2026-04-29,C0083,P009,4,1100,5,Completed,Marketplace,Delhi,CAM008
O01075,2026-03-17,C0035,P017,2,12877,10,Completed,Social,Delhi,CAM010
O01076,2026-06-25,C0057,P015,2,6427,15,Completed,Marketplace,Mumbai,CAM001
O01077,2026-01-20,C0016,P016,1,11704,0,Completed,Mobile App,Chennai,CAM002
O01078,2026-06-28,C0039,P005,3,11404,20,Completed,Social,Bengaluru,CAM007
O01079,2026-01-28,C0076,P017,4,11524,20,Completed,Marketplace,Delhi,CAM006
O01080,2026-02-22,C0028,P017,2,11522,15,Completed,Mobile App,Delhi,CAM002
O01081,2026-05-29,C0014,P010,2,1100,10,Completed,Website,Mumbai,CAM008
O01082,2026-05-13,C0053,P011,1,16000,15,Completed,Website,Chennai,CAM001
O01083,2026-06-25,C0017,P001,2,6427,10,Completed,Website,Mumbai,CAM010
O01084,2026-05-16,C0032,P016,1,7276,5,Completed,Website,Bengaluru,CAM002
O01085,2026-04-26,C0046,P020,4,17174,5,Completed,Marketplace,Bengaluru,CAM005
O01086,2026-03-04,C0057,P010,3,13533,0,Completed,Marketplace,Hyderabad,CAM009
O01087,2026-01-01,C0064,P011,1,11294,20,Completed,Social,Chennai,CAM006
O01088,2026-01-23,C0068,P010,1,2044,5,Returned,Marketplace,Bengaluru,CAM008
O01089,2026-02-23,C0085,P002,4,11704,5,Completed,Social,Bengaluru,CAM008
O01090,2026-01-08,C0007,P013,4,17174,20,Completed,Marketplace,Mumbai,CAM010
O01091,2026-04-02,C0037,P015,4,15417,10,Completed,Mobile App,Hyderabad,CAM005
O01092,2026-05-21,C0001,P019,1,15417,15,Completed,Marketplace,Mumbai,CAM010
O01093,2026-06-24,C0001,P019,1,15417,5,Completed,Mobile App,Hyderabad,CAM006
O01094,2026-03-30,C0022,P010,1,16000,5,Completed,Mobile App,Chennai,CAM009
O01095,2026-06-08,C0060,P020,4,11294,15,Completed,Mobile App,Delhi,CAM008
O01096,2026-06-28,C0090,P011,4,12877,10,Completed,Marketplace,Delhi,CAM002
O01097,2026-06-05,C0078,P013,4,13261,0,Completed,Mobile App,Bengaluru,CAM007
O01098,2026-03-26,C0065,P013,1,11294,20,Completed,Marketplace,Bengaluru,CAM009
O01099,2026-02-28,C0078,P020,1,9686,10,Completed,Social,Hyderabad,CAM002
O01100,2026-06-27,C0018,P015,4,2044,15,Completed,Mobile App,Hyderabad,CAM009
O01101,2026-02-13,C0084,P003,4,11704,5,Completed,Mobile App,Bengaluru,CAM002
O01102,2026-03-16,C0090,P002,3,13261,10,Completed,Mobile App,Delhi,CAM009
O01103,2026-01-14,C0010,P009,1,15417,15,Completed,Social,Hyderabad,CAM008
O01104,2026-05-24,C0047,P011,1,11522,20,Completed,Website,Hyderabad,CAM002
O01105,2026-04-28,C0084,P014,1,12255,5,Completed,Social,Mumbai,CAM008
O01106,2026-01-16,C0048,P010,3,1100,15,Completed,Mobile App,Hyderabad,CAM002
O01107,2026-02-10,C0085,P011,4,9072,20,Returned,Social,Delhi,CAM006
O01108,2026-04-11,C0094,P019,3,2266,15,Completed,Social,Hyderabad,CAM010
O01109,2026-04-08,C0048,P007,2,2266,0,Completed,Social,Bengaluru,CAM003
O01110,2026-05-26,C0006,P010,4,15417,0,Completed,Social,Delhi,CAM002
O01111,2026-02-18,C0035,P012,1,12877,5,Completed,Website,Bengaluru,CAM005
O01112,2026-06-17,C0022,P010,4,6427,0,Returned,Marketplace,Mumbai,CAM004
O01113,2026-03-22,C0048,P020,4,15417,15,Completed,Website,Bengaluru,CAM001
O01114,2026-05-29,C0059,P020,3,13533,20,Completed,Mobile App,Chennai,CAM005
O01115,2026-02-13,C0047,P011,4,15417,10,Completed,Website,Hyderabad,CAM003
O01116,2026-01-07,C0020,P010,3,11522,10,Completed,Marketplace,Delhi,CAM002
O01117,2026-01-10,C0031,P012,2,15417,15,Completed,Marketplace,Mumbai,CAM003
O01118,2026-03-09,C0068,P004,2,17174,10,Completed,Marketplace,Chennai,CAM001
O01119,2026-06-22,C0003,P009,4,13261,10,Completed,Website,Mumbai,CAM010
O01120,2026-01-09,C0022,P005,3,9015,10,Completed,Mobile App,Delhi,CAM010
O01121,2026-03-08,C0090,P003,1,13261,5,Completed,Marketplace,Mumbai,CAM004
O01122,2026-01-20,C0010,P002,4,16000,0,Completed,Social,Bengaluru,CAM009
O01123,2026-06-18,C0042,P012,1,16000,10,Completed,Social,Chennai,CAM005
O01124,2026-05-03,C0021,P001,3,2266,20,Completed,Website,Hyderabad,CAM010
O01125,2026-05-19,C0011,P013,1,7276,0,Completed,Mobile App,Chennai,CAM002
O01126,2026-05-10,C0043,P009,3,9072,5,Completed,Website,Mumbai,CAM003
O01127,2026-04-29,C0053,P008,2,2044,5,Completed,Social,Bengaluru,CAM008
O01128,2026-05-21,C0018,P016,2,9686,20,Completed,Website,Hyderabad,CAM003
O01129,2026-01-02,C0008,P011,3,11294,10,Completed,Social,Delhi,CAM009
O01130,2026-06-06,C0014,P015,4,2266,10,Completed,Website,Bengaluru,CAM005
O01131,2026-05-14,C0066,P015,2,1100,15,Completed,Website,Bengaluru,CAM005
O01132,2026-05-14,C0087,P001,4,15417,5,Completed,Social,Bengaluru,CAM005
O01133,2026-03-13,C0019,P005,2,17174,15,Returned,Mobile App,Mumbai,CAM008
O01134,2026-05-25,C0033,P012,1,7276,0,Completed,Mobile App,Hyderabad,CAM001
O01135,2026-03-11,C0035,P020,1,11404,0,Completed,Marketplace,Bengaluru,CAM008
O01136,2026-01-09,C0037,P004,1,6427,20,Completed,Mobile App,Hyderabad,CAM008
O01137,2026-06-14,C0025,P003,3,11704,15,Completed,Marketplace,Bengaluru,CAM009
O01138,2026-02-12,C0006,P019,3,11704,0,Completed,Mobile App,Delhi,CAM010
O01139,2026-01-19,C0053,P020,2,15417,10,Completed,Mobile App,Mumbai,CAM008
O01140,2026-04-23,C0036,P004,2,16000,0,Completed,Mobile App,Hyderabad,CAM006
O01141,2026-02-12,C0035,P009,4,17174,15,Completed,Website,Chennai,CAM005
O01142,2026-06-05,C0027,P013,3,9015,15,Completed,Mobile App,Mumbai,CAM004
O01143,2026-03-22,C0093,P004,1,9686,5,Completed,Marketplace,Mumbai,CAM009
O01144,2026-01-01,C0062,P007,1,12877,5,Completed,Website,Hyderabad,CAM004
O01145,2026-06-22,C0042,P008,2,2044,5,Completed,Website,Chennai,CAM006
O01146,2026-04-04,C0021,P013,2,2266,5,Completed,Marketplace,Mumbai,CAM001
O01147,2026-02-17,C0081,P007,4,11404,5,Returned,Mobile App,Delhi,CAM004
O01148,2026-05-03,C0089,P009,3,7276,5,Completed,Website,Chennai,CAM003
O01149,2026-04-07,C0004,P006,4,6427,10,Completed,Marketplace,Delhi,CAM005
O01150,2026-01-06,C0093,P016,3,17174,20,Completed,Social,Chennai,CAM006
O01151,2026-05-18,C0070,P004,2,17174,15,Completed,Website,Bengaluru,CAM008
O01152,2026-03-14,C0010,P005,3,1100,5,Completed,Website,Bengaluru,CAM005
O01153,2026-05-07,C0076,P005,3,12877,20,Completed,Mobile App,Bengaluru,CAM002
O01154,2026-06-12,C0011,P019,3,13533,5,Completed,Marketplace,Chennai,CAM006
O01155,2026-04-21,C0006,P019,1,12255,20,Completed,Website,Chennai,CAM001
O01156,2026-05-02,C0012,P011,3,2266,5,Completed,Social,Delhi,CAM009
O01157,2026-02-16,C0046,P004,2,9072,10,Completed,Mobile App,Hyderabad,CAM008
O01158,2026-02-13,C0062,P016,4,6427,5,Completed,Website,Bengaluru,CAM003
O01159,2026-03-17,C0041,P010,4,2266,15,Completed,Social,Hyderabad,CAM003
O01160,2026-06-04,C0013,P017,3,2266,5,Completed,Website,Hyderabad,CAM001
O01161,2026-04-05,C0020,P008,4,1100,20,Completed,Website,Delhi,CAM004
O01162,2026-03-04,C0086,P020,3,12877,0,Completed,Social,Chennai,CAM001
O01163,2026-05-22,C0097,P017,1,12877,10,Completed,Marketplace,Bengaluru,CAM010
O01164,2026-06-04,C0076,P005,3,2266,0,Completed,Mobile App,Bengaluru,CAM002
O01165,2026-06-13,C0011,P015,4,9686,20,Completed,Marketplace,Bengaluru,CAM007
O01166,2026-02-24,C0082,P006,1,9686,10,Completed,Marketplace,Delhi,CAM006
O01167,2026-05-09,C0070,P007,1,12255,15,Completed,Marketplace,Chennai,CAM003
O01168,2026-04-17,C0053,P006,2,17174,20,Returned,Website,Bengaluru,CAM009
O01169,2026-03-23,C0015,P014,4,11524,10,Returned,Marketplace,Bengaluru,CAM002
O01170,2026-03-13,C0100,P006,3,11522,0,Completed,Mobile App,Bengaluru,CAM009
O01171,2026-01-21,C0045,P013,4,17174,5,Completed,Social,Delhi,CAM008
O01172,2026-02-19,C0005,P012,4,11294,5,Returned,Marketplace,Delhi,CAM007
O01173,2026-04-10,C0021,P016,3,12255,20,Completed,Website,Delhi,CAM009
O01174,2026-06-10,C0041,P020,3,11704,20,Completed,Social,Bengaluru,CAM005
O01175,2026-06-06,C0007,P001,2,13261,10,Completed,Mobile App,Bengaluru,CAM003
O01176,2026-02-03,C0033,P020,1,17174,20,Completed,Mobile App,Bengaluru,CAM002
O01177,2026-05-03,C0047,P003,2,9686,5,Completed,Social,Delhi,CAM010
O01178,2026-01-16,C0095,P011,3,1100,15,Completed,Social,Delhi,CAM005
O01179,2026-05-03,C0009,P007,1,2044,5,Returned,Social,Mumbai,CAM009
O01180,2026-03-03,C0058,P013,1,15417,5,Completed,Marketplace,Bengaluru,CAM004
O01181,2026-03-23,C0092,P015,1,13533,5,Completed,Social,Mumbai,CAM010
O01182,2026-05-10,C0081,P018,3,11704,10,Completed,Website,Hyderabad,CAM009
O01183,2026-03-18,C0093,P009,4,7276,5,Completed,Marketplace,Bengaluru,CAM004
O01184,2026-05-27,C0018,P019,4,11704,5,Completed,Mobile App,Delhi,CAM005
O01185,2026-04-07,C0081,P007,2,11404,5,Completed,Mobile App,Chennai,CAM008
O01186,2026-06-30,C0098,P005,3,9686,0,Completed,Website,Bengaluru,CAM003
O01187,2026-04-26,C0033,P008,4,13261,20,Completed,Website,Hyderabad,CAM001
O01188,2026-02-23,C0050,P011,3,16000,5,Completed,Mobile App,Chennai,CAM003
O01189,2026-05-21,C0054,P014,2,13533,0,Completed,Social,Delhi,CAM006
O01190,2026-03-15,C0050,P017,2,11704,10,Completed,Marketplace,Bengaluru,CAM002
O01191,2026-04-07,C0029,P005,3,2044,20,Completed,Mobile App,Mumbai,CAM004
O01192,2026-01-25,C0098,P007,2,9072,5,Returned,Mobile App,Delhi,CAM010
O01193,2026-01-22,C0096,P019,4,11524,20,Completed,Marketplace,Delhi,CAM001
O01194,2026-04-15,C0039,P009,4,9015,15,Completed,Website,Bengaluru,CAM001
O01195,2026-02-03,C0081,P005,1,13533,15,Completed,Marketplace,Delhi,CAM005
O01196,2026-06-30,C0040,P020,3,12255,5,Completed,Marketplace,Hyderabad,CAM001
O01197,2026-06-04,C0080,P009,2,11524,0,Completed,Website,Delhi,CAM001
O01198,2026-05-07,C0059,P020,3,16000,5,Completed,Marketplace,Mumbai,CAM002
O01199,2026-05-13,C0048,P019,2,13533,20,Completed,Marketplace,Hyderabad,CAM002
O01200,2026-04-18,C0013,P019,2,1100,15,Completed,Marketplace,Delhi,CAM009
