session_id,session_date,customer_id,channel,sessions,conversions
S00001,2026-01-23,C0038,Social,1,1
S00002,2026-04-05,C0056,Social,1,0
S00003,2026-05-08,C0074,Marketplace,1,1
S00004,2026-04-24,C0002,Social,1,0
S00005,2026-04-29,C0065,Marketplace,1,0
S00006,2026-03-06,C0087,Website,1,0
S00007,2026-06-10,C0073,Marketplace,1,0
S00008,2026-01-13,C0062,Website,1,1
S00009,2026-01-20,C0010,Social,1,1
S00010,2026-06-04,C0075,Mobile App,1,0
S00011,2026-01-13,C0076,Website,1,0
S00012,2026-02-04,C0050,Mobile App,1,0
S00013,2026-02-01,C0059,Marketplace,1,0
S00014,2026-01-06,C0062,Social,1,0
S00015,2026-01-22,C0013,Marketplace,1,1
S00016,2026-04-14,C0026,Website,1,0
S00017,2026-04-30,C0080,Social,1,0
S00018,2026-01-16,C0098,Social,1,0
S00019,2026-06-20,C0028,Mobile App,1,0
S00020,2026-01-18,C0041,Marketplace,1,0
S00021,2026-05-05,C0092,Social,1,0
S00022,2026-05-25,C0017,Mobile App,1,0
S00023,2026-04-05,C0027,Website,1,0
S00024,2026-03-30,C0006,Website,1,1
S00025,2026-01-20,C0024,Marketplace,1,0
S00026,2026-02-13,C0064,Social,1,0
S00027,2026-06-03,C0035,Marketplace,1,0
S00028,2026-03-05,C0099,Marketplace,1,0
S00029,2026-01-07,C0090,Mobile App,1,0
S00030,2026-05-12,C0090,Mobile App,1,0
S00031,2026-05-04,C0073,Website,1,0
S00032,2026-01-13,C0071,Mobile App,1,0
S00033,2026-01-10,C0051,Marketplace,1,0
S00034,2026-01-22,C0100,Social,1,0
S00035,2026-01-10,C0010,Social,1,0
S00036,2026-04-22,C0073,Social,1,0
S00037,2026-01-25,C0015,Website,1,1
S00038,2026-04-20,C0034,Social,1,0
S00039,2026-02-01,C0026,Website,1,0
S00040,2026-06-26,C0061,Marketplace,1,1
S00041,2026-05-12,C0079,Social,1,0
S00042,2026-03-09,C0008,Social,1,0
S00043,2026-03-19,C0061,Marketplace,1,0
S00044,2026-01-12,C0023,Mobile App,1,0
S00045,2026-01-10,C0008,Marketplace,1,0
S00046,2026-04-08,C0042,Marketplace,1,0
S00047,2026-01-05,C0059,Marketplace,1,0
S00048,2026-04-26,C0021,Mobile App,1,0
S00049,2026-03-11,C0039,Mobile App,1,0
S00050,2026-01-26,C0096,Marketplace,1,0
S00051,2026-04-07,C0035,Website,1,0
S00052,2026-04-11,C0100,Social,1,1
S00053,2026-05-16,C0084,Website,1,0
S00054,2026-02-05,C0038,Social,1,1
S00055,2026-04-10,C0058,Website,1,0
S00056,2026-06-02,C0071,Marketplace,1,1
S00057,2026-02-18,C0047,Mobile App,1,0
S00058,2026-06-01,C0041,Marketplace,1,0
S00059,2026-05-11,C0033,Mobile App,1,0
S00060,2026-03-19,C0014,Social,1,0
S00061,2026-06-09,C0003,Website,1,0
S00062,2026-06-24,C0034,Social,1,1
S00063,2026-02-12,C0080,Marketplace,1,0
S00064,2026-06-27,C0024,Social,1,0
S00065,2026-01-01,C0018,Website,1,1
S00066,2026-01-24,C0033,Website,1,0
S00067,2026-01-08,C0060,Mobile App,1,0
S00068,2026-03-08,C0022,Mobile App,1,1
S00069,2026-06-19,C0023,Social,1,0
S00070,2026-04-19,C0012,Social,1,0
S00071,2026-04-22,C0034,Mobile App,1,1
S00072,2026-01-16,C0022,Social,1,0
S00073,2026-04-04,C0084,Website,1,0
S00074,2026-03-11,C0091,Marketplace,1,1
S00075,2026-03-28,C0038,Website,1,0
S00076,2026-02-17,C0009,Marketplace,1,0
S00077,2026-02-06,C0009,Mobile App,1,0
S00078,2026-06-22,C0033,Mobile App,1,0
S00079,2026-04-12,C0047,Mobile App,1,0
S00080,2026-03-16,C0053,Mobile App,1,0
S00081,2026-01-14,C0031,Social,1,1
S00082,2026-05-19,C0036,Social,1,1
S00083,2026-03-27,C0029,Mobile App,1,1
S00084,2026-03-11,C0052,Mobile App,1,0
S00085,2026-05-01,C0070,Marketplace,1,0
S00086,2026-01-24,C0005,Marketplace,1,1
S00087,2026-04-07,C0048,Website,1,0
S00088,2026-06-06,C0065,Marketplace,1,0
S00089,2026-03-25,C0068,Social,1,0
S00090,2026-01-01,C0057,Social,1,0
S00091,2026-02-11,C0053,Marketplace,1,0
S00092,2026-01-11,C0069,Mobile App,1,0
S00093,2026-04-01,C0038,Mobile App,1,0
S00094,2026-03-07,C0057,Marketplace,1,0
S00095,2026-01-24,C0032,Mobile App,1,0
S00096,2026-05-05,C0044,Website,1,0
S00097,2026-02-01,C0013,Marketplace,1,1
S00098,2026-03-03,C0036,Website,1,0
S00099,2026-06-28,C0015,Social,1,0
S00100,2026-01-13,C0023,Mobile App,1,0
S00101,2026-02-14,C0042,Mobile App,1,0
S00102,2026-02-27,C0051,Website,1,0
S00103,2026-04-03,C0095,Website,1,0
S00104,2026-02-14,C0003,Social,1,0
S00105,2026-06-25,C0090,Marketplace,1,0
S00106,2026-01-01,C0033,Social,1,1
S00107,2026-06-21,C0073,Social,1,0
S00108,2026-04-07,C0068,Website,1,0
S00109,2026-01-07,C0098,Mobile App,1,0
S00110,2026-01-22,C0011,Social,1,0
S00111,2026-01-19,C0097,Mobile App,1,0
S00112,2026-02-22,C0007,Marketplace,1,0
S00113,2026-03-02,C0088,Marketplace,1,0
S00114,2026-04-27,C0066,Marketplace,1,0
S00115,2026-02-26,C0049,Social,1,0
S00116,2026-05-12,C0040,Social,1,0
S00117,2026-02-23,C0010,Marketplace,1,1
S00118,2026-02-17,C0081,Marketplace,1,0
S00119,2026-02-19,C0073,Mobile App,1,0
S00120,2026-03-01,C0094,Website,1,0
S00121,2026-06-01,C0074,Marketplace,1,0
S00122,2026-02-14,C0096,Website,1,0
S00123,2026-02-19,C0089,Marketplace,1,0
S00124,2026-06-23,C0043,Mobile App,1,1
S00125,2026-04-29,C0071,Social,1,0
S00126,2026-02-04,C0027,Social,1,0
S00127,2026-06-07,C0080,Marketplace,1,0
S00128,2026-02-03,C0061,Marketplace,1,0
S00129,2026-01-30,C0045,Mobile App,1,0
S00130,2026-03-22,C0063,Mobile App,1,0
S00131,2026-05-06,C0028,Website,1,0
S00132,2026-02-04,C0063,Website,1,0
S00133,2026-05-17,C0048,Marketplace,1,0
S00134,2026-01-29,C0033,Social,1,0
S00135,2026-05-22,C0098,Website,1,0
S00136,2026-01-18,C0007,Mobile App,1,0
S00137,2026-03-26,C0076,Marketplace,1,0
S00138,2026-04-26,C0022,Marketplace,1,0
S00139,2026-02-18,C0023,Marketplace,1,0
S00140,2026-04-21,C0016,Marketplace,1,0
S00141,2026-05-05,C0011,Website,1,0
S00142,2026-04-28,C0013,Mobile App,1,0
S00143,2026-03-13,C0084,Mobile App,1,0
S00144,2026-05-20,C0093,Website,1,0
S00145,2026-05-13,C0059,Mobile App,1,0
S00146,2026-03-01,C0002,Mobile App,1,1
S00147,2026-05-13,C0087,Social,1,1
S00148,2026-06-16,C0061,Mobile App,1,1
S00149,2026-05-28,C0053,Social,1,1
S00150,2026-05-13,C0095,Marketplace,1,1
S00151,2026-05-19,C0041,Marketplace,1,0
S00152,2026-05-26,C0037,Social,1,0
S00153,2026-02-22,C0078,Social,1,0
S00154,2026-05-11,C0053,Website,1,0
S00155,2026-02-06,C0072,Mobile App,1,0
S00156,2026-03-06,C0070,Marketplace,1,0
S00157,2026-06-19,C0084,Social,1,0
S00158,2026-02-21,C0032,Website,1,1
S00159,2026-06-02,C0008,Mobile App,1,0
S00160,2026-03-18,C0048,Website,1,1
S00161,2026-02-07,C0065,Website,1,1
S00162,2026-01-18,C0082,Social,1,1
S00163,2026-04-10,C0027,Website,1,0
S00164,2026-03-23,C0075,Social,1,0
S00165,2026-04-03,C0084,Social,1,0
S00166,2026-01-08,C0081,Social,1,0
S00167,2026-02-18,C0081,Website,1,1
S00168,2026-01-01,C0099,Website,1,1
S00169,2026-02-24,C0067,Mobile App,1,0
S00170,2026-06-18,C0038,Marketplace,1,0
S00171,2026-01-28,C0044,Social,1,1
S00172,2026-05-05,C0075,Mobile App,1,0
S00173,2026-01-02,C0024,Website,1,0
S00174,2026-04-12,C0061,Social,1,0
S00175,2026-06-16,C0058,Social,1,0
S00176,2026-03-03,C0067,Marketplace,1,0
S00177,2026-02-05,C0043,Marketplace,1,0
S00178,2026-04-14,C0074,Social,1,0
S00179,2026-02-20,C0008,Mobile App,1,0
S00180,2026-06-11,C0075,Website,1,0
S00181,2026-06-03,C0082,Marketplace,1,0
S00182,2026-04-29,C0089,Mobile App,1,1
S00183,2026-04-26,C0093,Social,1,0
S00184,2026-04-20,C0035,Social,1,1
S00185,2026-05-14,C0005,Mobile App,1,1
S00186,2026-03-25,C0066,Mobile App,1,1
S00187,2026-06-25,C0010,Mobile App,1,0
S00188,2026-03-04,C0029,Marketplace,1,0
S00189,2026-01-02,C0071,Marketplace,1,0
S00190,2026-05-07,C0060,Marketplace,1,0
S00191,2026-04-30,C0061,Marketplace,1,0
S00192,2026-06-27,C0076,Social,1,0
S00193,2026-03-13,C0017,Mobile App,1,0
S00194,2026-03-18,C0080,Website,1,1
S00195,2026-04-12,C0059,Social,1,0
S00196,2026-03-12,C0043,Social,1,0
S00197,2026-05-23,C0047,Marketplace,1,0
S00198,2026-03-19,C0051,Mobile App,1,1
S00199,2026-05-22,C0056,Mobile App,1,0
S00200,2026-03-19,C0034,Mobile App,1,0
S00201,2026-02-10,C0023,Website,1,0
S00202,2026-06-29,C0017,Marketplace,1,0
S00203,2026-04-06,C0035,Mobile App,1,0
S00204,2026-05-08,C0027,Mobile App,1,1
S00205,2026-04-18,C0052,Marketplace,1,0
S00206,2026-03-07,C0092,Social,1,0
S00207,2026-06-25,C0011,Website,1,0
S00208,2026-03-09,C0031,Social,1,1
S00209,2026-06-29,C0005,Marketplace,1,0
S00210,2026-03-19,C0098,Social,1,0
S00211,2026-01-05,C0071,Mobile App,1,0
S00212,2026-01-07,C0025,Social,1,0
S00213,2026-06-26,C0042,Marketplace,1,0
S00214,2026-04-06,C0073,Marketplace,1,0
S00215,2026-03-12,C0096,Marketplace,1,0
S00216,2026-05-27,C0058,Mobile App,1,1
S00217,2026-04-22,C0028,Marketplace,1,0
S00218,2026-04-30,C0070,Social,1,0
S00219,2026-05-05,C0069,Social,1,1
S00220,2026-02-05,C0065,Website,1,1
S00221,2026-01-16,C0005,Marketplace,1,0
S00222,2026-05-12,C0071,Social,1,1
S00223,2026-01-04,C0002,Marketplace,1,0
S00224,2026-05-11,C0091,Mobile App,1,0
S00225,2026-01-24,C0089,Mobile App,1,0
S00226,2026-02-17,C0057,Marketplace,1,1
S00227,2026-05-09,C0065,Marketplace,1,0
S00228,2026-04-23,C0007,Mobile App,1,1
S00229,2026-05-22,C0088,Mobile App,1,0
S00230,2026-04-21,C0028,Mobile App,1,0
S00231,2026-01-09,C0027,Website,1,0
S00232,2026-06-02,C0071,Website,1,1
S00233,2026-02-09,C0094,Website,1,0
S00234,2026-01-25,C0050,Mobile App,1,0
S00235,2026-06-09,C0051,Marketplace,1,0
S00236,2026-02-05,C0055,Mobile App,1,0
S00237,2026-04-08,C0030,Social,1,0
S00238,2026-03-29,C0060,Website,1,0
S00239,2026-05-20,C0097,Mobile App,1,1
S00240,2026-01-08,C0039,Website,1,1
S00241,2026-01-20,C0078,Mobile App,1,1
S00242,2026-03-17,C0078,Marketplace,1,0
S00243,2026-03-27,C0086,Mobile App,1,0
S00244,2026-05-23,C0073,Mobile App,1,0
S00245,2026-04-20,C0093,Marketplace,1,0
S00246,2026-01-27,C0072,Social,1,0
S00247,2026-06-27,C0098,Website,1,0
S00248,2026-03-25,C0072,Website,1,0
S00249,2026-06-24,C0084,Website,1,0
S00250,2026-06-29,C0090,Marketplace,1,1
S00251,2026-01-10,C0099,Social,1,1
S00252,2026-04-02,C0060,Website,1,1
S00253,2026-03-18,C0072,Website,1,0
S00254,2026-04-01,C0097,Marketplace,1,0
S00255,2026-02-26,C0039,Social,1,1
S00256,2026-04-12,C0012,Marketplace,1,0
S00257,2026-03-31,C0089,Social,1,0
S00258,2026-02-03,C0064,Marketplace,1,1
S00259,2026-02-22,C0043,Website,1,0
S00260,2026-01-27,C0072,Mobile App,1,0
S00261,2026-06-02,C0004,Social,1,0
S00262,2026-05-03,C0048,Marketplace,1,0
S00263,2026-03-12,C0027,Website,1,0
S00264,2026-03-13,C0029,Website,1,1
S00265,2026-01-15,C0097,Marketplace,1,0
S00266,2026-02-22,C0056,Mobile App,1,1
S00267,2026-06-17,C0015,Marketplace,1,0
S00268,2026-01-06,C0037,Mobile App,1,0
S00269,2026-01-27,C0025,Mobile App,1,0
S00270,2026-06-03,C0091,Marketplace,1,0
S00271,2026-04-05,C0030,Website,1,0
S00272,2026-01-06,C0036,Mobile App,1,1
S00273,2026-03-30,C0034,Mobile App,1,0
S00274,2026-05-16,C0018,Social,1,0
S00275,2026-03-04,C0079,Marketplace,1,0
S00276,2026-03-11,C0058,Mobile App,1,0
S00277,2026-04-25,C0044,Mobile App,1,0
S00278,2026-04-19,C0040,Website,1,1
S00279,2026-06-13,C0067,Website,1,0
S00280,2026-02-14,C0010,Mobile App,1,0
S00281,2026-02-19,C0094,Social,1,0
S00282,2026-01-29,C0057,Website,1,0
S00283,2026-05-01,C0023,Website,1,0
S00284,2026-04-07,C0054,Marketplace,1,0
S00285,2026-03-04,C0086,Website,1,0
S00286,2026-05-06,C0018,Social,1,0
S00287,2026-03-10,C0053,Social,1,0
S00288,2026-02-05,C0060,Social,1,0
S00289,2026-04-08,C0082,Mobile App,1,1
S00290,2026-03-20,C0057,Mobile App,1,0
S00291,2026-03-15,C0074,Mobile App,1,0
S00292,2026-03-22,C0078,Website,1,0
S00293,2026-06-15,C0090,Marketplace,1,0
S00294,2026-02-09,C0037,Social,1,1
S00295,2026-02-19,C0071,Mobile App,1,1
S00296,2026-04-13,C0025,Website,1,0
S00297,2026-01-09,C0085,Marketplace,1,1
S00298,2026-01-27,C0096,Mobile App,1,0
S00299,2026-04-13,C0030,Social,1,0
S00300,2026-04-03,C0057,Social,1,0
S00301,2026-04-29,C0083,Social,1,0
S00302,2026-01-21,C0003,Mobile App,1,0
S00303,2026-06-04,C0071,Social,1,0
S00304,2026-03-29,C0083,Website,1,1
S00305,2026-01-29,C0088,Mobile App,1,0
S00306,2026-02-26,C0020,Mobile App,1,0
S00307,2026-02-11,C0076,Social,1,0
S00308,2026-03-23,C0079,Marketplace,1,0
S00309,2026-03-26,C0001,Mobile App,1,1
S00310,2026-03-20,C0071,Website,1,1
S00311,2026-03-25,C0063,Social,1,0
S00312,2026-06-14,C0097,Marketplace,1,0
S00313,2026-06-23,C0005,Social,1,1
S00314,2026-03-30,C0097,Mobile App,1,0
S00315,2026-06-24,C0058,Website,1,0
S00316,2026-05-29,C0028,Mobile App,1,1
S00317,2026-05-29,C0039,Marketplace,1,1
S00318,2026-02-10,C0077,Website,1,0
S00319,2026-03-21,C0100,Website,1,0
S00320,2026-03-05,C0032,Social,1,1
S00321,2026-01-18,C0099,Marketplace,1,0
S00322,2026-01-14,C0063,Mobile App,1,1
S00323,2026-04-23,C0020,Marketplace,1,0
S00324,2026-03-18,C0060,Marketplace,1,1
S00325,2026-05-30,C0081,Website,1,1
S00326,2026-05-02,C0006,Mobile App,1,0
S00327,2026-01-16,C0008,Mobile App,1,0
S00328,2026-06-01,C0001,Website,1,1
S00329,2026-03-31,C0058,Website,1,0
S00330,2026-04-13,C0006,Mobile App,1,0
S00331,2026-06-24,C0094,Marketplace,1,0
S00332,2026-04-26,C0013,Marketplace,1,0
S00333,2026-01-05,C0008,Social,1,0
S00334,2026-02-02,C0026,Mobile App,1,1
S00335,2026-03-19,C0077,Marketplace,1,1
S00336,2026-01-07,C0091,Social,1,0
S00337,2026-01-31,C0026,Marketplace,1,0
S00338,2026-05-24,C0052,Social,1,1
S00339,2026-01-26,C0078,Website,1,1
S00340,2026-01-31,C0080,Social,1,0
S00341,2026-04-02,C0016,Marketplace,1,0
S00342,2026-01-17,C0084,Marketplace,1,0
S00343,2026-02-16,C0087,Website,1,0
S00344,2026-06-19,C0074,Marketplace,1,0
S00345,2026-04-25,C0053,Social,1,0
S00346,2026-06-24,C0040,Marketplace,1,1
S00347,2026-03-06,C0089,Website,1,0
S00348,2026-04-22,C0087,Mobile App,1,0
S00349,2026-02-13,C0052,Marketplace,1,0
S00350,2026-03-10,C0075,Social,1,0
S00351,2026-02-01,C0040,Mobile App,1,1
S00352,2026-05-31,C0075,Social,1,0
S00353,2026-02-03,C0009,Social,1,1
S00354,2026-02-07,C0091,Mobile App,1,1
S00355,2026-03-25,C0052,Website,1,1
S00356,2026-03-19,C0060,Social,1,0
S00357,2026-02-26,C0019,Marketplace,1,1
S00358,2026-03-06,C0053,Social,1,0
S00359,2026-02-23,C0001,Social,1,0
S00360,2026-06-15,C0090,Mobile App,1,0
S00361,2026-04-16,C0075,Website,1,0
S00362,2026-06-16,C0046,Social,1,0
S00363,2026-06-28,C0084,Marketplace,1,0
S00364,2026-04-28,C0082,Website,1,0
S00365,2026-05-30,C0012,Marketplace,1,0
S00366,2026-01-21,C0006,Website,1,0
S00367,2026-06-21,C0026,Mobile App,1,0
S00368,2026-03-29,C0001,Mobile App,1,1
S00369,2026-05-10,C0058,Mobile App,1,0
S00370,2026-02-14,C0053,Marketplace,1,1
S00371,2026-01-18,C0054,Social,1,0
S00372,2026-06-10,C0008,Mobile App,1,0
S00373,2026-03-23,C0092,Marketplace,1,0
S00374,2026-01-26,C0098,Social,1,0
S00375,2026-04-30,C0060,Marketplace,1,1
S00376,2026-01-10,C0001,Mobile App,1,0
S00377,2026-03-23,C0040,Marketplace,1,0
S00378,2026-05-08,C0072,Mobile App,1,1
S00379,2026-05-11,C0075,Mobile App,1,0
S00380,2026-03-24,C0025,Marketplace,1,0
S00381,2026-03-08,C0083,Mobile App,1,0
S00382,2026-06-01,C0097,Website,1,0
S00383,2026-02-03,C0051,Social,1,0
S00384,2026-01-14,C0039,Marketplace,1,1
S00385,2026-01-29,C0053,Website,1,0
S00386,2026-05-25,C0003,Mobile App,1,0
S00387,2026-03-27,C0053,Mobile App,1,1
S00388,2026-01-07,C0003,Social,1,0
S00389,2026-01-31,C0004,Social,1,0
S00390,2026-01-06,C0056,Marketplace,1,0
S00391,2026-05-28,C0052,Mobile App,1,0
S00392,2026-03-25,C0099,Website,1,0
S00393,2026-01-13,C0051,Website,1,0
S00394,2026-02-10,C0098,Website,1,0
S00395,2026-04-22,C0081,Social,1,0
S00396,2026-04-18,C0034,Website,1,1
S00397,2026-05-29,C0093,Marketplace,1,0
S00398,2026-01-05,C0049,Social,1,0
S00399,2026-01-13,C0060,Mobile App,1,0
S00400,2026-01-07,C0011,Marketplace,1,0
S00401,2026-03-13,C0022,Social,1,0
S00402,2026-05-12,C0053,Mobile App,1,1
S00403,2026-05-01,C0028,Mobile App,1,0
S00404,2026-02-08,C0060,Website,1,1
S00405,2026-04-29,C0008,Mobile App,1,0
S00406,2026-04-29,C0026,Social,1,0
S00407,2026-02-04,C0067,Marketplace,1,1
S00408,2026-05-16,C0062,Website,1,0
S00409,2026-03-18,C0099,Marketplace,1,0
S00410,2026-01-11,C0090,Marketplace,1,0
S00411,2026-03-12,C0082,Website,1,0
S00412,2026-05-20,C0001,Social,1,0
S00413,2026-05-07,C0061,Website,1,0
S00414,2026-02-18,C0023,Mobile App,1,0
S00415,2026-05-17,C0027,Mobile App,1,1
S00416,2026-03-12,C0021,Marketplace,1,0
S00417,2026-03-25,C0046,Social,1,1
S00418,2026-01-16,C0013,Website,1,1
S00419,2026-06-30,C0054,Mobile App,1,0
S00420,2026-06-01,C0017,Mobile App,1,0
S00421,2026-02-05,C0051,Social,1,0
S00422,2026-04-12,C0063,Social,1,0
S00423,2026-05-22,C0018,Mobile App,1,1
S00424,2026-04-02,C0011,Marketplace,1,0
S00425,2026-02-08,C0081,Social,1,0
S00426,2026-06-25,C0074,Social,1,1
S00427,2026-02-18,C0027,Marketplace,1,0
S00428,2026-03-02,C0089,Marketplace,1,0
S00429,2026-03-09,C0023,Social,1,0
S00430,2026-06-11,C0093,Website,1,0
S00431,2026-04-01,C0012,Mobile App,1,0
S00432,2026-05-11,C0067,Marketplace,1,0
S00433,2026-06-13,C0002,Website,1,0
S00434,2026-06-18,C0020,Marketplace,1,0
S00435,2026-06-05,C0041,Social,1,0
S00436,2026-06-14,C0009,Website,1,0
S00437,2026-06-21,C0046,Social,1,1
S00438,2026-06-29,C0024,Mobile App,1,1
S00439,2026-04-27,C0010,Social,1,1
S00440,2026-01-24,C0097,Marketplace,1,0
S00441,2026-01-21,C0099,Website,1,0
S00442,2026-05-25,C0097,Marketplace,1,0
S00443,2026-02-27,C0016,Website,1,1
S00444,2026-05-26,C0039,Website,1,0
S00445,2026-06-19,C0033,Social,1,1
S00446,2026-04-27,C0033,Social,1,0
S00447,2026-05-19,C0042,Website,1,1
S00448,2026-02-20,C0052,Mobile App,1,0
S00449,2026-03-20,C0049,Website,1,0
S00450,2026-06-24,C0030,Mobile App,1,0
S00451,2026-05-28,C0098,Social,1,0
S00452,2026-02-07,C0098,Website,1,0
S00453,2026-06-19,C0034,Marketplace,1,0
S00454,2026-04-01,C0023,Social,1,0
S00455,2026-06-02,C0054,Social,1,0
S00456,2026-04-05,C0037,Mobile App,1,1
S00457,2026-04-20,C0099,Marketplace,1,0
S00458,2026-01-30,C0043,Mobile App,1,0
S00459,2026-03-03,C0004,Website,1,0
S00460,2026-05-11,C0013,Website,1,1
S00461,2026-06-02,C0008,Marketplace,1,1
S00462,2026-01-17,C0039,Marketplace,1,0
S00463,2026-01-14,C0032,Marketplace,1,0
S00464,2026-05-06,C0086,Social,1,0
S00465,2026-03-22,C0090,Marketplace,1,1
S00466,2026-06-03,C0015,Mobile App,1,0
S00467,2026-01-13,C0095,Mobile App,1,0
S00468,2026-03-05,C0059,Social,1,0
S00469,2026-01-07,C0031,Social,1,1
S00470,2026-05-09,C0041,Website,1,1
S00471,2026-06-05,C0045,Social,1,1
S00472,2026-01-29,C0018,Website,1,0
S00473,2026-02-28,C0087,Social,1,0
S00474,2026-06-03,C0002,Marketplace,1,0
S00475,2026-01-08,C0007,Marketplace,1,1
S00476,2026-06-22,C0028,Marketplace,1,1
S00477,2026-06-10,C0015,Marketplace,1,0
S00478,2026-01-28,C0007,Mobile App,1,0
S00479,2026-01-26,C0039,Social,1,0
S00480,2026-05-06,C0038,Marketplace,1,0
S00481,2026-01-02,C0013,Marketplace,1,0
S00482,2026-04-02,C0082,Mobile App,1,0
S00483,2026-01-12,C0089,Website,1,0
S00484,2026-04-07,C0072,Marketplace,1,1
S00485,2026-03-05,C0053,Mobile App,1,1
S00486,2026-05-08,C0095,Marketplace,1,0
S00487,2026-06-09,C0036,Mobile App,1,1
S00488,2026-03-30,C0043,Social,1,0
S00489,2026-04-27,C0002,Marketplace,1,0
S00490,2026-04-19,C0071,Mobile App,1,1
S00491,2026-06-28,C0010,Marketplace,1,0
S00492,2026-02-11,C0067,Marketplace,1,0
S00493,2026-02-13,C0079,Marketplace,1,0
S00494,2026-03-10,C0022,Marketplace,1,1
S00495,2026-05-14,C0062,Social,1,1
S00496,2026-06-06,C0031,Mobile App,1,1
S00497,2026-02-20,C0040,Mobile App,1,0
S00498,2026-01-20,C0053,Mobile App,1,0
S00499,2026-04-21,C0025,Marketplace,1,0
S00500,2026-04-19,C0080,Social,1,1
S00501,2026-03-09,C0040,Marketplace,1,0
S00502,2026-02-03,C0047,Website,1,0
S00503,2026-06-03,C0082,Social,1,0
S00504,2026-06-03,C0023,Social,1,0
S00505,2026-05-16,C0046,Mobile App,1,0
S00506,2026-04-15,C0100,Website,1,0
S00507,2026-02-17,C0040,Mobile App,1,0
S00508,2026-03-14,C0012,Social,1,0
S00509,2026-01-13,C0029,Marketplace,1,0
S00510,2026-02-15,C0096,Website,1,0
S00511,2026-03-23,C0076,Website,1,0
S00512,2026-03-21,C0081,Social,1,0
S00513,2026-01-15,C0026,Mobile App,1,0
S00514,2026-06-23,C0084,Marketplace,1,0
S00515,2026-02-18,C0040,Mobile App,1,0
S00516,2026-04-03,C0080,Website,1,0
S00517,2026-03-26,C0089,Mobile App,1,0
S00518,2026-03-26,C0021,Marketplace,1,0
S00519,2026-06-02,C0094,Mobile App,1,0
S00520,2026-05-16,C0064,Marketplace,1,1
S00521,2026-06-07,C0074,Mobile App,1,0
S00522,2026-03-10,C0076,Mobile App,1,0
S00523,2026-02-17,C0017,Mobile App,1,0
S00524,2026-03-19,C0075,Mobile App,1,0
S00525,2026-04-12,C0022,Mobile App,1,0
S00526,2026-03-02,C0028,Marketplace,1,0
S00527,2026-03-25,C0012,Mobile App,1,0
S00528,2026-01-28,C0019,Marketplace,1,0
S00529,2026-04-16,C0098,Mobile App,1,1
S00530,2026-05-10,C0033,Mobile App,1,0
S00531,2026-04-06,C0039,Social,1,0
S00532,2026-06-08,C0048,Social,1,0
S00533,2026-06-30,C0072,Mobile App,1,0
S00534,2026-06-13,C0058,Mobile App,1,0
S00535,2026-01-17,C0054,Marketplace,1,0
S00536,2026-06-09,C0084,Website,1,1
S00537,2026-03-02,C0050,Mobile App,1,0
S00538,2026-03-23,C0077,Marketplace,1,0
S00539,2026-03-16,C0092,Marketplace,1,0
S00540,2026-02-21,C0068,Website,1,0
S00541,2026-06-08,C0004,Website,1,0
S00542,2026-04-26,C0027,Mobile App,1,1
S00543,2026-06-25,C0062,Website,1,1
S00544,2026-06-22,C0048,Marketplace,1,0
S00545,2026-03-17,C0029,Social,1,1
S00546,2026-05-12,C0034,Mobile App,1,0
S00547,2026-04-01,C0008,Mobile App,1,0
S00548,2026-03-31,C0024,Website,1,0
S00549,2026-05-14,C0079,Website,1,0
S00550,2026-05-05,C0002,Marketplace,1,0
S00551,2026-06-15,C0084,Mobile App,1,1
S00552,2026-05-20,C0034,Marketplace,1,0
S00553,2026-04-23,C0081,Marketplace,1,1
S00554,2026-06-16,C0026,Social,1,0
S00555,2026-01-19,C0083,Website,1,0
S00556,2026-05-19,C0058,Marketplace,1,0
S00557,2026-03-13,C0086,Social,1,0
S00558,2026-03-20,C0007,Mobile App,1,1
S00559,2026-05-22,C0080,Website,1,0
S00560,2026-02-19,C0028,Mobile App,1,0
S00561,2026-06-09,C0036,Social,1,0
S00562,2026-04-01,C0005,Social,1,0
S00563,2026-03-05,C0096,Mobile App,1,1
S00564,2026-03-01,C0065,Website,1,0
S00565,2026-03-18,C0099,Mobile App,1,0
S00566,2026-06-20,C0057,Website,1,0
S00567,2026-01-19,C0016,Marketplace,1,0
S00568,2026-04-02,C0034,Social,1,0
S00569,2026-06-01,C0044,Website,1,1
S00570,2026-03-27,C0015,Marketplace,1,0
S00571,2026-04-13,C0094,Social,1,0
S00572,2026-03-05,C0096,Marketplace,1,0
S00573,2026-01-25,C0057,Social,1,0
S00574,2026-04-26,C0059,Website,1,0
S00575,2026-06-16,C0071,Marketplace,1,0
S00576,2026-04-05,C0068,Website,1,0
S00577,2026-03-20,C0007,Social,1,1
S00578,2026-01-24,C0054,Mobile App,1,0
S00579,2026-06-20,C0078,Website,1,0
S00580,2026-06-07,C0081,Marketplace,1,0
S00581,2026-06-13,C0060,Marketplace,1,1
S00582,2026-03-06,C0090,Mobile App,1,0
S00583,2026-04-24,C0059,Mobile App,1,1
S00584,2026-03-20,C0039,Website,1,0
S00585,2026-02-12,C0045,Social,1,0
S00586,2026-02-07,C0070,Website,1,0
S00587,2026-03-11,C0089,Social,1,1
S00588,2026-04-11,C0023,Marketplace,1,0
S00589,2026-01-23,C0030,Marketplace,1,1
S00590,2026-05-08,C0066,Marketplace,1,0
S00591,2026-03-24,C0077,Social,1,0
S00592,2026-06-09,C0040,Website,1,1
S00593,2026-02-20,C0065,Social,1,0
S00594,2026-01-10,C0001,Website,1,0
S00595,2026-02-26,C0030,Social,1,0
S00596,2026-06-26,C0096,Mobile App,1,0
S00597,2026-02-28,C0058,Social,1,0
S00598,2026-05-08,C0087,Website,1,0
S00599,2026-06-02,C0022,Mobile App,1,0
S00600,2026-02-21,C0030,Marketplace,1,0
S00601,2026-04-27,C0098,Social,1,1
S00602,2026-02-07,C0100,Website,1,0
S00603,2026-03-07,C0088,Website,1,1
S00604,2026-02-23,C0032,Marketplace,1,0
S00605,2026-05-02,C0081,Website,1,0
S00606,2026-06-08,C0046,Social,1,1
S00607,2026-02-15,C0085,Website,1,0
S00608,2026-02-22,C0086,Social,1,0
S00609,2026-05-29,C0044,Marketplace,1,1
S00610,2026-03-25,C0031,Social,1,1
S00611,2026-04-03,C0098,Website,1,0
S00612,2026-05-08,C0046,Mobile App,1,0
S00613,2026-01-25,C0044,Mobile App,1,0
S00614,2026-06-07,C0067,Website,1,0
S00615,2026-03-08,C0094,Website,1,0
S00616,2026-04-30,C0014,Mobile App,1,0
S00617,2026-03-20,C0099,Marketplace,1,1
S00618,2026-05-17,C0043,Marketplace,1,0
S00619,2026-04-21,C0003,Website,1,0
S00620,2026-02-01,C0031,Website,1,0
S00621,2026-02-03,C0047,Marketplace,1,0
S00622,2026-06-08,C0068,Mobile App,1,0
S00623,2026-04-05,C0057,Social,1,0
S00624,2026-02-19,C0014,Mobile App,1,0
S00625,2026-01-26,C0049,Mobile App,1,0
S00626,2026-01-24,C0024,Website,1,0
S00627,2026-06-16,C0027,Mobile App,1,0
S00628,2026-06-26,C0072,Marketplace,1,0
S00629,2026-03-13,C0081,Mobile App,1,0
S00630,2026-02-06,C0016,Marketplace,1,0
S00631,2026-03-17,C0061,Website,1,0
S00632,2026-01-25,C0043,Marketplace,1,0
S00633,2026-04-10,C0034,Mobile App,1,0
S00634,2026-04-24,C0072,Social,1,1
S00635,2026-06-28,C0025,Mobile App,1,0
S00636,2026-02-27,C0077,Website,1,0
S00637,2026-02-05,C0041,Marketplace,1,0
S00638,2026-01-25,C0010,Website,1,0
S00639,2026-03-10,C0080,Social,1,0
S00640,2026-04-19,C0086,Mobile App,1,0
S00641,2026-01-13,C0057,Social,1,1
S00642,2026-05-18,C0073,Marketplace,1,0
S00643,2026-03-25,C0015,Mobile App,1,0
S00644,2026-05-24,C0034,Marketplace,1,0
S00645,2026-03-25,C0035,Website,1,0
S00646,2026-01-29,C0077,Website,1,0
S00647,2026-01-04,C0036,Social,1,0
S00648,2026-04-11,C0073,Social,1,0
S00649,2026-04-08,C0031,Social,1,0
S00650,2026-05-28,C0061,Mobile App,1,0
S00651,2026-06-08,C0021,Mobile App,1,0
S00652,2026-01-30,C0056,Mobile App,1,0
S00653,2026-02-26,C0009,Marketplace,1,0
S00654,2026-02-07,C0074,Marketplace,1,1
S00655,2026-01-20,C0003,Social,1,1
S00656,2026-01-01,C0100,Social,1,1
S00657,2026-01-15,C0084,Mobile App,1,0
S00658,2026-04-05,C0058,Marketplace,1,0
S00659,2026-01-28,C0091,Marketplace,1,0
S00660,2026-02-05,C0081,Social,1,0
S00661,2026-01-22,C0015,Mobile App,1,0
S00662,2026-05-12,C0075,Website,1,0
S00663,2026-04-26,C0038,Mobile App,1,0
S00664,2026-06-24,C0086,Marketplace,1,0
S00665,2026-01-21,C0087,Social,1,0
S00666,2026-02-07,C0096,Social,1,0
S00667,2026-03-24,C0046,Website,1,0
S00668,2026-04-28,C0020,Marketplace,1,0
S00669,2026-01-24,C0013,Website,1,1
S00670,2026-02-08,C0017,Mobile App,1,0
S00671,2026-03-18,C0100,Social,1,0
S00672,2026-01-04,C0059,Social,1,0
S00673,2026-03-13,C0036,Website,1,0
S00674,2026-05-18,C0045,Website,1,0
S00675,2026-04-06,C0018,Marketplace,1,1
S00676,2026-03-20,C0058,Mobile App,1,1
S00677,2026-03-30,C0043,Mobile App,1,0
S00678,2026-06-21,C0080,Social,1,1
S00679,2026-04-05,C0003,Social,1,1
S00680,2026-04-07,C0094,Social,1,0
S00681,2026-06-18,C0007,Social,1,0
S00682,2026-01-29,C0042,Social,1,0
S00683,2026-01-18,C0035,Marketplace,1,0
S00684,2026-03-23,C0072,Social,1,0
S00685,2026-02-27,C0066,Marketplace,1,0
S00686,2026-02-06,C0020,Website,1,0
S00687,2026-01-22,C0050,Social,1,0
S00688,2026-06-08,C0054,Social,1,0
S00689,2026-04-22,C0047,Mobile App,1,0
S00690,2026-05-06,C0003,Mobile App,1,1
S00691,2026-01-22,C0018,Marketplace,1,0
S00692,2026-03-03,C0051,Marketplace,1,0
S00693,2026-04-23,C0027,Marketplace,1,0
S00694,2026-04-06,C0055,Mobile App,1,0
S00695,2026-05-06,C0017,Social,1,0
S00696,2026-05-02,C0074,Social,1,1
S00697,2026-03-16,C0019,Social,1,0
S00698,2026-05-22,C0065,Marketplace,1,0
S00699,2026-02-16,C0084,Website,1,0
S00700,2026-01-15,C0036,Social,1,0
S00701,2026-06-15,C0014,Website,1,0
S00702,2026-01-05,C0001,Website,1,0
S00703,2026-02-21,C0037,Mobile App,1,0
S00704,2026-01-21,C0012,Website,1,1
S00705,2026-02-11,C0089,Marketplace,1,0
S00706,2026-03-13,C0098,Mobile App,1,0
S00707,2026-01-24,C0099,Website,1,1
S00708,2026-03-26,C0093,Website,1,1
S00709,2026-06-17,C0059,Website,1,0
S00710,2026-01-25,C0033,Marketplace,1,0
S00711,2026-06-17,C0045,Social,1,0
S00712,2026-03-16,C0026,Mobile App,1,0
S00713,2026-04-18,C0085,Website,1,0
S00714,2026-03-21,C0044,Marketplace,1,0
S00715,2026-02-27,C0039,Social,1,0
S00716,2026-01-20,C0069,Website,1,1
S00717,2026-04-18,C0038,Social,1,0
S00718,2026-06-15,C0036,Website,1,1
S00719,2026-04-05,C0023,Mobile App,1,0
S00720,2026-04-19,C0007,Marketplace,1,0
S00721,2026-04-27,C0004,Website,1,0
S00722,2026-03-12,C0041,Mobile App,1,0
S00723,2026-01-22,C0100,Website,1,0
S00724,2026-04-02,C0027,Website,1,1
S00725,2026-06-07,C0065,Social,1,1
S00726,2026-02-26,C0033,Website,1,0
S00727,2026-06-07,C0031,Website,1,0
S00728,2026-06-04,C0017,Website,1,0
S00729,2026-02-14,C0057,Website,1,0
S00730,2026-04-15,C0066,Marketplace,1,1
S00731,2026-05-16,C0036,Social,1,1
S00732,2026-03-31,C0053,Website,1,0
S00733,2026-05-07,C0048,Marketplace,1,0
S00734,2026-06-14,C0028,Mobile App,1,0
S00735,2026-04-24,C0070,Website,1,0
S00736,2026-06-01,C0056,Marketplace,1,0
S00737,2026-05-25,C0007,Website,1,0
S00738,2026-05-28,C0050,Marketplace,1,0
S00739,2026-06-04,C0039,Marketplace,1,0
S00740,2026-02-10,C0080,Marketplace,1,1
S00741,2026-01-04,C0031,Website,1,0
S00742,2026-01-28,C0096,Mobile App,1,0
S00743,2026-02-15,C0062,Marketplace,1,0
S00744,2026-05-05,C0014,Social,1,0
S00745,2026-04-03,C0041,Website,1,0
S00746,2026-03-26,C0089,Mobile App,1,0
S00747,2026-01-02,C0026,Social,1,0
S00748,2026-05-04,C0071,Mobile App,1,0
S00749,2026-03-07,C0079,Mobile App,1,0
S00750,2026-05-18,C0070,Social,1,0
S00751,2026-01-21,C0010,Social,1,0
S00752,2026-02-23,C0038,Marketplace,1,0
S00753,2026-01-10,C0035,Marketplace,1,0
S00754,2026-02-21,C0035,Marketplace,1,0
S00755,2026-06-17,C0088,Mobile App,1,0
S00756,2026-03-30,C0001,Social,1,0
S00757,2026-03-21,C0054,Website,1,0
S00758,2026-02-19,C0099,Website,1,0
S00759,2026-02-17,C0088,Marketplace,1,0
S00760,2026-05-01,C0061,Social,1,0
S00761,2026-06-28,C0100,Social,1,0
S00762,2026-05-16,C0041,Marketplace,1,0
S00763,2026-05-14,C0062,Mobile App,1,0
S00764,2026-03-27,C0055,Mobile App,1,0
S00765,2026-01-18,C0005,Mobile App,1,0
S00766,2026-05-12,C0005,Mobile App,1,0
S00767,2026-05-27,C0090,Mobile App,1,0
S00768,2026-04-03,C0018,Website,1,0
S00769,2026-01-17,C0036,Mobile App,1,0
S00770,2026-05-10,C0063,Social,1,0
S00771,2026-06-16,C0058,Marketplace,1,0
S00772,2026-02-10,C0052,Website,1,0
S00773,2026-01-29,C0098,Mobile App,1,0
S00774,2026-05-14,C0079,Mobile App,1,0
S00775,2026-03-02,C0095,Mobile App,1,0
S00776,2026-05-10,C0066,Marketplace,1,1
S00777,2026-05-08,C0098,Social,1,0
S00778,2026-02-18,C0061,Marketplace,1,0
S00779,2026-01-08,C0055,Mobile App,1,0
S00780,2026-04-11,C0082,Website,1,0
S00781,2026-03-15,C0087,Website,1,0
S00782,2026-06-04,C0007,Social,1,0
S00783,2026-03-06,C0092,Marketplace,1,0
S00784,2026-02-15,C0070,Marketplace,1,0
S00785,2026-06-05,C0090,Marketplace,1,0
S00786,2026-05-14,C0072,Social,1,0
S00787,2026-04-22,C0093,Social,1,0
S00788,2026-06-22,C0028,Website,1,0
S00789,2026-05-22,C0019,Mobile App,1,1
S00790,2026-06-06,C0020,Website,1,0
S00791,2026-05-25,C0026,Mobile App,1,0
S00792,2026-03-14,C0022,Marketplace,1,1
S00793,2026-01-12,C0045,Website,1,0
S00794,2026-04-20,C0020,Website,1,0
S00795,2026-05-19,C0016,Mobile App,1,1
S00796,2026-06-29,C0053,Marketplace,1,0
S00797,2026-05-04,C0080,Marketplace,1,0
S00798,2026-04-13,C0014,Website,1,1
S00799,2026-04-15,C0052,Website,1,0
S00800,2026-01-21,C0066,Social,1,0
S00801,2026-01-02,C0071,Marketplace,1,0
S00802,2026-01-09,C0011,Social,1,1
S00803,2026-06-13,C0074,Social,1,1
S00804,2026-05-24,C0003,Social,1,1
S00805,2026-02-17,C0024,Marketplace,1,0
S00806,2026-03-18,C0032,Social,1,0
S00807,2026-03-29,C0086,Mobile App,1,0
S00808,2026-02-14,C0020,Social,1,0
S00809,2026-03-18,C0079,Mobile App,1,1
S00810,2026-03-04,C0099,Mobile App,1,0
S00811,2026-05-06,C0096,Marketplace,1,0
S00812,2026-05-18,C0031,Mobile App,1,0
S00813,2026-01-18,C0010,Website,1,0
S00814,2026-03-26,C0023,Social,1,0
S00815,2026-06-29,C0077,Mobile App,1,0
S00816,2026-06-07,C0020,Social,1,0
S00817,2026-05-24,C0065,Mobile App,1,0
S00818,2026-05-14,C0038,Social,1,0
S00819,2026-01-01,C0077,Marketplace,1,1
S00820,2026-06-26,C0061,Social,1,1
S00821,2026-05-14,C0059,Social,1,0
S00822,2026-06-10,C0079,Website,1,0
S00823,2026-06-14,C0096,Social,1,1
S00824,2026-02-16,C0037,Social,1,0
S00825,2026-01-03,C0053,Marketplace,1,1
S00826,2026-04-30,C0063,Social,1,0
S00827,2026-03-25,C0083,Social,1,0
S00828,2026-01-04,C0049,Marketplace,1,1
S00829,2026-02-19,C0038,Mobile App,1,1
S00830,2026-06-29,C0085,Social,1,0
S00831,2026-03-07,C0096,Website,1,0
S00832,2026-02-17,C0057,Marketplace,1,0
S00833,2026-04-29,C0011,Social,1,0
S00834,2026-05-01,C0029,Social,1,0
S00835,2026-03-02,C0047,Mobile App,1,0
S00836,2026-06-03,C0071,Website,1,0
S00837,2026-04-16,C0067,Mobile App,1,0
S00838,2026-01-30,C0083,Social,1,0
S00839,2026-02-28,C0003,Marketplace,1,1
S00840,2026-06-03,C0047,Website,1,0
S00841,2026-01-17,C0071,Website,1,0
S00842,2026-01-03,C0099,Mobile App,1,0
S00843,2026-04-29,C0015,Mobile App,1,0
S00844,2026-03-21,C0088,Website,1,0
S00845,2026-02-15,C0001,Mobile App,1,1
S00846,2026-03-27,C0020,Mobile App,1,1
S00847,2026-02-03,C0085,Website,1,0
S00848,2026-03-09,C0079,Website,1,1
S00849,2026-02-12,C0098,Marketplace,1,1
S00850,2026-04-17,C0061,Social,1,0
S00851,2026-05-02,C0062,Social,1,0
S00852,2026-06-15,C0054,Marketplace,1,0
S00853,2026-01-13,C0052,Website,1,0
S00854,2026-03-01,C0052,Social,1,0
S00855,2026-02-17,C0030,Social,1,1
S00856,2026-04-15,C0086,Mobile App,1,1
S00857,2026-04-07,C0036,Mobile App,1,0
S00858,2026-06-08,C0062,Website,1,1
S00859,2026-06-16,C0067,Social,1,0
S00860,2026-05-20,C0054,Social,1,0
S00861,2026-02-06,C0062,Website,1,1
S00862,2026-01-08,C0005,Marketplace,1,0
S00863,2026-06-12,C0032,Mobile App,1,0
S00864,2026-06-20,C0045,Marketplace,1,0
S00865,2026-02-15,C0040,Website,1,0
S00866,2026-01-09,C0091,Social,1,0
S00867,2026-05-04,C0090,Mobile App,1,0
S00868,2026-04-17,C0072,Social,1,0
S00869,2026-06-10,C0036,Website,1,0
S00870,2026-04-15,C0006,Marketplace,1,0
S00871,2026-05-18,C0076,Mobile App,1,1
S00872,2026-05-23,C0089,Social,1,0
S00873,2026-01-02,C0049,Marketplace,1,0
S00874,2026-01-27,C0083,Marketplace,1,0
S00875,2026-05-22,C0094,Website,1,1
S00876,2026-02-02,C0055,Marketplace,1,0
S00877,2026-02-07,C0021,Website,1,0
S00878,2026-05-17,C0003,Mobile App,1,0
S00879,2026-02-07,C0076,Website,1,1
S00880,2026-01-28,C0057,Website,1,0
S00881,2026-01-03,C0016,Marketplace,1,0
S00882,2026-03-26,C0006,Website,1,0
S00883,2026-04-26,C0097,Marketplace,1,0
S00884,2026-05-13,C0033,Social,1,1
S00885,2026-06-13,C0033,Website,1,1
S00886,2026-04-28,C0063,Marketplace,1,1
S00887,2026-05-17,C0037,Mobile App,1,0
S00888,2026-02-08,C0092,Mobile App,1,0
S00889,2026-03-03,C0069,Marketplace,1,0
S00890,2026-02-25,C0036,Marketplace,1,0
S00891,2026-01-12,C0027,Marketplace,1,1
S00892,2026-06-25,C0087,Website,1,0
S00893,2026-02-13,C0060,Marketplace,1,0
S00894,2026-03-23,C0092,Mobile App,1,1
S00895,2026-03-06,C0035,Mobile App,1,0
S00896,2026-01-09,C0003,Social,1,0
S00897,2026-06-13,C0090,Website,1,0
S00898,2026-02-09,C0024,Mobile App,1,1
S00899,2026-01-19,C0085,Mobile App,1,0
S00900,2026-03-03,C0071,Website,1,0
S00901,2026-01-27,C0024,Social,1,0
S00902,2026-06-30,C0076,Mobile App,1,0
S00903,2026-02-04,C0009,Marketplace,1,0
S00904,2026-02-24,C0040,Mobile App,1,0
S00905,2026-02-19,C0036,Social,1,0
S00906,2026-01-05,C0066,Marketplace,1,1
S00907,2026-01-03,C0054,Mobile App,1,0
S00908,2026-04-03,C0062,Social,1,1
S00909,2026-02-12,C0048,Social,1,0
S00910,2026-01-16,C0074,Marketplace,1,0
S00911,2026-02-22,C0017,Website,1,0
S00912,2026-02-19,C0072,Marketplace,1,0
S00913,2026-03-18,C0006,Marketplace,1,0
S00914,2026-06-29,C0009,Mobile App,1,0
S00915,2026-02-25,C0073,Website,1,0
S00916,2026-05-08,C0016,Marketplace,1,1
S00917,2026-05-20,C0078,Social,1,0
S00918,2026-01-10,C0014,Mobile App,1,0
S00919,2026-04-01,C0015,Mobile App,1,0
S00920,2026-03-23,C0094,Website,1,0
S00921,2026-04-02,C0018,Marketplace,1,0
S00922,2026-02-01,C0092,Social,1,0
S00923,2026-03-26,C0035,Social,1,0
S00924,2026-01-23,C0080,Mobile App,1,0
S00925,2026-06-21,C0094,Website,1,0
S00926,2026-04-17,C0012,Mobile App,1,0
S00927,2026-01-07,C0034,Social,1,0
S00928,2026-04-02,C0058,Website,1,0
S00929,2026-06-17,C0087,Website,1,1
S00930,2026-05-15,C0019,Social,1,1
S00931,2026-02-19,C0019,Marketplace,1,1
S00932,2026-06-11,C0037,Website,1,1
S00933,2026-02-03,C0021,Website,1,0
S00934,2026-02-14,C0027,Mobile App,1,1
S00935,2026-01-29,C0013,Marketplace,1,0
S00936,2026-06-17,C0083,Social,1,0
S00937,2026-05-10,C0080,Social,1,0
S00938,2026-04-04,C0015,Mobile App,1,0
S00939,2026-05-01,C0054,Mobile App,1,0
S00940,2026-02-16,C0065,Social,1,0
S00941,2026-01-13,C0063,Social,1,0
S00942,2026-06-03,C0099,Website,1,0
S00943,2026-06-24,C0065,Marketplace,1,0
S00944,2026-01-07,C0069,Marketplace,1,0
S00945,2026-01-10,C0004,Website,1,0
S00946,2026-04-12,C0008,Social,1,0
S00947,2026-01-08,C0062,Mobile App,1,0
S00948,2026-05-11,C0091,Marketplace,1,0
S00949,2026-06-21,C0040,Mobile App,1,0
S00950,2026-02-20,C0065,Marketplace,1,0
S00951,2026-02-23,C0022,Social,1,0
S00952,2026-06-06,C0046,Mobile App,1,0
S00953,2026-03-06,C0076,Mobile App,1,1
S00954,2026-02-13,C0066,Social,1,0
S00955,2026-01-16,C0012,Social,1,0
S00956,2026-06-02,C0088,Social,1,0
S00957,2026-06-17,C0093,Social,1,1
S00958,2026-01-15,C0048,Marketplace,1,0
S00959,2026-05-26,C0035,Social,1,0
S00960,2026-01-29,C0054,Social,1,1
S00961,2026-01-26,C0081,Website,1,0
S00962,2026-03-10,C0046,Marketplace,1,0
S00963,2026-03-21,C0004,Website,1,1
S00964,2026-06-04,C0008,Marketplace,1,0
S00965,2026-05-07,C0082,Mobile App,1,0
S00966,2026-01-27,C0079,Mobile App,1,1
S00967,2026-04-16,C0078,Social,1,0
S00968,2026-06-08,C0013,Marketplace,1,1
S00969,2026-04-30,C0018,Marketplace,1,1
S00970,2026-02-11,C0040,Social,1,1
S00971,2026-01-24,C0024,Website,1,1
S00972,2026-03-23,C0039,Marketplace,1,1
S00973,2026-03-27,C0056,Website,1,0
S00974,2026-03-05,C0029,Website,1,1
S00975,2026-01-20,C0013,Website,1,0
S00976,2026-01-22,C0041,Marketplace,1,0
S00977,2026-04-06,C0073,Marketplace,1,0
S00978,2026-06-20,C0062,Social,1,1
S00979,2026-04-19,C0033,Mobile App,1,0
S00980,2026-03-21,C0032,Social,1,1
S00981,2026-06-18,C0059,Mobile App,1,0
S00982,2026-05-05,C0018,Website,1,0
S00983,2026-05-10,C0084,Website,1,0
S00984,2026-04-15,C0087,Website,1,1
S00985,2026-05-19,C0003,Mobile App,1,0
S00986,2026-04-01,C0098,Mobile App,1,1
S00987,2026-04-23,C0003,Social,1,0
S00988,2026-04-22,C0046,Website,1,1
S00989,2026-05-17,C0067,Mobile App,1,0
S00990,2026-06-12,C0033,Social,1,1
S00991,2026-02-23,C0021,Website,1,0
S00992,2026-05-07,C0005,Mobile App,1,0
S00993,2026-01-06,C0073,Website,1,0
S00994,2026-04-07,C0004,Marketplace,1,0
S00995,2026-06-12,C0049,Social,1,1
S00996,2026-04-27,C0040,Website,1,0
S00997,2026-02-18,C0097,Mobile App,1,1
S00998,2026-04-20,C0094,Mobile App,1,0
S00999,2026-03-06,C0082,Social,1,1
S01000,2026-03-20,C0074,Social,1,1
S01001,2026-02-11,C0055,Website,1,0
S01002,2026-04-24,C0035,Mobile App,1,1
S01003,2026-02-05,C0017,Social,1,0
S01004,2026-03-22,C0097,Website,1,0
S01005,2026-06-20,C0039,Social,1,0
S01006,2026-05-18,C0043,Website,1,1
S01007,2026-03-16,C0015,Marketplace,1,0
S01008,2026-06-25,C0028,Social,1,0
S01009,2026-01-03,C0064,Marketplace,1,0
S01010,2026-06-23,C0043,Social,1,1
S01011,2026-03-05,C0059,Marketplace,1,0
S01012,2026-05-29,C0022,Website,1,0
S01013,2026-06-21,C0009,Marketplace,1,0
S01014,2026-04-19,C0089,Marketplace,1,0
S01015,2026-04-21,C0044,Mobile App,1,0
S01016,2026-05-16,C0037,Website,1,0
S01017,2026-02-13,C0029,Marketplace,1,0
S01018,2026-02-02,C0066,Marketplace,1,0
S01019,2026-03-04,C0057,Social,1,1
S01020,2026-03-28,C0039,Website,1,0
S01021,2026-05-15,C0094,Marketplace,1,0
S01022,2026-02-16,C0091,Social,1,0
S01023,2026-04-13,C0020,Social,1,0
S01024,2026-01-01,C0065,Social,1,0
S01025,2026-01-06,C0097,Website,1,0
S01026,2026-06-24,C0049,Website,1,0
S01027,2026-06-03,C0004,Marketplace,1,1
S01028,2026-06-06,C0014,Mobile App,1,0
S01029,2026-03-01,C0067,Website,1,0
S01030,2026-04-03,C0091,Website,1,0
S01031,2026-05-03,C0013,Website,1,0
S01032,2026-02-16,C0055,Mobile App,1,0
S01033,2026-05-15,C0050,Marketplace,1,0
S01034,2026-05-06,C0029,Website,1,0
S01035,2026-03-15,C0064,Website,1,0
S01036,2026-03-20,C0088,Mobile App,1,0
S01037,2026-02-25,C0024,Social,1,1
S01038,2026-05-26,C0006,Social,1,0
S01039,2026-06-28,C0036,Mobile App,1,0
S01040,2026-06-30,C0032,Website,1,1
S01041,2026-05-20,C0073,Website,1,0
S01042,2026-03-05,C0054,Social,1,0
S01043,2026-05-22,C0002,Mobile App,1,0
S01044,2026-02-14,C0034,Website,1,1
S01045,2026-06-12,C0074,Social,1,0
S01046,2026-02-18,C0048,Marketplace,1,0
S01047,2026-03-14,C0057,Mobile App,1,1
S01048,2026-01-17,C0027,Mobile App,1,1
S01049,2026-01-15,C0032,Website,1,0
S01050,2026-03-13,C0014,Social,1,1
S01051,2026-04-10,C0009,Social,1,0
S01052,2026-01-04,C0004,Website,1,0
S01053,2026-06-03,C0063,Marketplace,1,0
S01054,2026-01-21,C0016,Website,1,0
S01055,2026-06-30,C0058,Mobile App,1,0
S01056,2026-02-19,C0096,Marketplace,1,0
S01057,2026-03-10,C0070,Website,1,0
S01058,2026-01-29,C0058,Marketplace,1,0
S01059,2026-05-30,C0012,Website,1,0
S01060,2026-05-13,C0049,Marketplace,1,0
S01061,2026-01-15,C0090,Mobile App,1,0
S01062,2026-01-20,C0039,Website,1,0
S01063,2026-04-21,C0083,Social,1,0
S01064,2026-06-06,C0071,Mobile App,1,1
S01065,2026-01-20,C0027,Social,1,0
S01066,2026-02-10,C0015,Social,1,1
S01067,2026-04-09,C0002,Website,1,1
S01068,2026-01-20,C0028,Marketplace,1,0
S01069,2026-02-25,C0034,Mobile App,1,0
S01070,2026-01-02,C0066,Marketplace,1,0
S01071,2026-04-01,C0058,Marketplace,1,0
S01072,2026-05-10,C0048,Mobile App,1,0
S01073,2026-03-16,C0073,Marketplace,1,1
S01074,2026-02-16,C0078,Mobile App,1,0
S01075,2026-03-18,C0072,Social,1,1
S01076,2026-04-03,C0090,Social,1,1
S01077,2026-01-30,C0036,Website,1,0
S01078,2026-01-21,C0083,Marketplace,1,0
S01079,2026-02-02,C0043,Social,1,0
S01080,2026-06-28,C0019,Website,1,0
S01081,2026-05-11,C0015,Marketplace,1,0
S01082,2026-01-23,C0010,Social,1,0
S01083,2026-02-24,C0096,Website,1,0
S01084,2026-03-16,C0017,Marketplace,1,0
S01085,2026-02-02,C0084,Social,1,1
S01086,2026-06-04,C0079,Mobile App,1,0
S01087,2026-06-20,C0044,Website,1,0
S01088,2026-02-14,C0092,Mobile App,1,0
S01089,2026-01-03,C0091,Mobile App,1,0
S01090,2026-02-18,C0093,Marketplace,1,0
S01091,2026-04-16,C0050,Mobile App,1,1
S01092,2026-05-27,C0030,Mobile App,1,0
S01093,2026-03-03,C0005,Social,1,0
S01094,2026-02-19,C0085,Marketplace,1,1
S01095,2026-02-15,C0088,Social,1,0
S01096,2026-01-01,C0054,Marketplace,1,0
S01097,2026-01-03,C0008,Social,1,0
S01098,2026-03-19,C0083,Website,1,1
S01099,2026-04-22,C0030,Social,1,0
S01100,2026-01-03,C0055,Social,1,0
S01101,2026-02-06,C0066,Website,1,1
S01102,2026-06-14,C0015,Mobile App,1,0
S01103,2026-06-29,C0007,Mobile App,1,1
S01104,2026-04-27,C0008,Mobile App,1,1
S01105,2026-04-05,C0096,Social,1,0
S01106,2026-04-16,C0096,Marketplace,1,0
S01107,2026-03-09,C0043,Website,1,0
S01108,2026-02-06,C0043,Marketplace,1,0
S01109,2026-03-10,C0041,Social,1,0
S01110,2026-05-07,C0036,Mobile App,1,0
S01111,2026-04-30,C0055,Social,1,0
S01112,2026-05-03,C0036,Marketplace,1,0
S01113,2026-04-21,C0062,Social,1,0
S01114,2026-01-11,C0038,Social,1,1
S01115,2026-04-24,C0063,Website,1,1
S01116,2026-06-09,C0095,Social,1,0
S01117,2026-04-28,C0021,Website,1,0
S01118,2026-04-15,C0007,Social,1,0
S01119,2026-02-10,C0053,Social,1,0
S01120,2026-05-24,C0012,Mobile App,1,0
S01121,2026-03-23,C0024,Website,1,1
S01122,2026-02-17,C0079,Mobile App,1,0
S01123,2026-03-30,C0042,Mobile App,1,0
S01124,2026-01-23,C0055,Marketplace,1,0
S01125,2026-06-17,C0078,Website,1,0
S01126,2026-05-08,C0013,Website,1,0
S01127,2026-03-01,C0048,Mobile App,1,1
S01128,2026-05-24,C0004,Social,1,1
S01129,2026-01-10,C0050,Mobile App,1,0
S01130,2026-03-11,C0023,Mobile App,1,0
S01131,2026-04-28,C0092,Website,1,0
S01132,2026-01-05,C0027,Mobile App,1,1
S01133,2026-05-09,C0021,Mobile App,1,0
S01134,2026-05-29,C0002,Mobile App,1,0
S01135,2026-04-18,C0014,Mobile App,1,0
S01136,2026-02-07,C0022,Mobile App,1,1
S01137,2026-05-16,C0023,Marketplace,1,0
S01138,2026-03-03,C0074,Mobile App,1,0
S01139,2026-05-14,C0089,Social,1,0
S01140,2026-04-24,C0086,Marketplace,1,0
S01141,2026-01-17,C0096,Marketplace,1,0
S01142,2026-01-19,C0090,Marketplace,1,0
S01143,2026-01-03,C0046,Social,1,0
S01144,2026-01-14,C0039,Mobile App,1,0
S01145,2026-02-24,C0065,Social,1,0
S01146,2026-01-05,C0032,Website,1,0
S01147,2026-06-19,C0061,Website,1,1
S01148,2026-06-15,C0100,Social,1,0
S01149,2026-02-01,C0020,Social,1,1
S01150,2026-02-26,C0077,Website,1,0
S01151,2026-05-15,C0094,Marketplace,1,0
S01152,2026-04-30,C0054,Marketplace,1,0
S01153,2026-04-16,C0036,Website,1,0
S01154,2026-06-29,C0026,Marketplace,1,1
S01155,2026-04-24,C0017,Marketplace,1,0
S01156,2026-05-02,C0033,Marketplace,1,1
S01157,2026-04-01,C0075,Marketplace,1,0
S01158,2026-04-06,C0052,Social,1,0
S01159,2026-02-22,C0023,Website,1,0
S01160,2026-04-05,C0055,Marketplace,1,1
S01161,2026-06-16,C0081,Mobile App,1,0
S01162,2026-03-10,C0002,Social,1,0
S01163,2026-01-25,C0003,Mobile App,1,1
S01164,2026-04-19,C0096,Social,1,0
S01165,2026-05-23,C0075,Marketplace,1,0
S01166,2026-06-23,C0058,Website,1,1
S01167,2026-04-09,C0091,Social,1,1
S01168,2026-05-23,C0059,Website,1,0
S01169,2026-02-15,C0053,Mobile App,1,0
S01170,2026-03-18,C0022,Mobile App,1,0
S01171,2026-03-17,C0082,Marketplace,1,1
S01172,2026-03-02,C0077,Mobile App,1,0
S01173,2026-05-10,C0030,Marketplace,1,0
S01174,2026-06-09,C0074,Marketplace,1,0
S01175,2026-03-01,C0073,Website,1,0
S01176,2026-01-25,C0010,Website,1,0
S01177,2026-05-30,C0017,Mobile App,1,0
S01178,2026-06-03,C0060,Website,1,0
S01179,2026-06-19,C0063,Social,1,1
S01180,2026-02-16,C0066,Mobile App,1,0
S01181,2026-05-11,C0038,Mobile App,1,1
S01182,2026-05-10,C0084,Marketplace,1,0
S01183,2026-05-23,C0045,Social,1,0
S01184,2026-05-26,C0021,Marketplace,1,0
S01185,2026-06-22,C0012,Marketplace,1,1
S01186,2026-03-28,C0088,Social,1,0
S01187,2026-01-14,C0071,Social,1,0
S01188,2026-02-04,C0047,Website,1,1
S01189,2026-06-10,C0021,Website,1,1
S01190,2026-06-02,C0010,Mobile App,1,0
S01191,2026-01-03,C0016,Social,1,0
S01192,2026-03-08,C0011,Social,1,0
S01193,2026-02-14,C0053,Marketplace,1,0
S01194,2026-02-28,C0020,Marketplace,1,0
S01195,2026-04-26,C0013,Website,1,0
S01196,2026-04-03,C0029,Marketplace,1,0
S01197,2026-03-29,C0070,Website,1,0
S01198,2026-03-20,C0050,Marketplace,1,0
S01199,2026-04-27,C0016,Website,1,0
S01200,2026-05-04,C0075,Website,1,0
S01201,2026-01-08,C0049,Social,1,0
S01202,2026-01-25,C0019,Social,1,0
S01203,2026-03-03,C0070,Marketplace,1,0
S01204,2026-03-20,C0100,Marketplace,1,0
S01205,2026-06-30,C0055,Website,1,0
S01206,2026-06-11,C0017,Marketplace,1,1
S01207,2026-04-28,C0031,Marketplace,1,1
S01208,2026-01-07,C0060,Marketplace,1,0
S01209,2026-01-19,C0100,Mobile App,1,0
S01210,2026-03-24,C0093,Mobile App,1,0
S01211,2026-04-17,C0094,Social,1,1
S01212,2026-04-30,C0084,Mobile App,1,0
S01213,2026-01-26,C0058,Social,1,1
S01214,2026-06-10,C0065,Social,1,0
S01215,2026-03-31,C0074,Social,1,0
S01216,2026-04-18,C0072,Marketplace,1,0
S01217,2026-01-08,C0064,Website,1,0
S01218,2026-05-30,C0014,Website,1,1
S01219,2026-04-09,C0088,Marketplace,1,0
S01220,2026-02-10,C0001,Mobile App,1,1
S01221,2026-02-27,C0043,Website,1,0
S01222,2026-03-05,C0044,Social,1,1
S01223,2026-01-05,C0100,Social,1,1
S01224,2026-06-20,C0009,Mobile App,1,0
S01225,2026-05-26,C0048,Marketplace,1,1
S01226,2026-06-10,C0036,Mobile App,1,0
S01227,2026-03-06,C0010,Mobile App,1,0
S01228,2026-04-11,C0023,Marketplace,1,0
S01229,2026-03-24,C0043,Mobile App,1,0
S01230,2026-03-28,C0092,Social,1,1
S01231,2026-04-17,C0039,Website,1,0
S01232,2026-03-23,C0089,Marketplace,1,0
S01233,2026-05-20,C0074,Social,1,0
S01234,2026-01-11,C0082,Social,1,0
S01235,2026-02-04,C0086,Website,1,0
S01236,2026-06-11,C0072,Website,1,0
S01237,2026-06-09,C0074,Marketplace,1,0
S01238,2026-05-29,C0016,Social,1,1
S01239,2026-03-08,C0072,Social,1,1
S01240,2026-03-24,C0005,Social,1,1
S01241,2026-01-05,C0074,Website,1,0
S01242,2026-02-20,C0066,Marketplace,1,0
S01243,2026-05-12,C0076,Marketplace,1,1
S01244,2026-03-04,C0065,Marketplace,1,0
S01245,2026-03-28,C0037,Social,1,1
S01246,2026-01-23,C0037,Website,1,0
S01247,2026-03-31,C0060,Mobile App,1,0
S01248,2026-05-11,C0048,Mobile App,1,0
S01249,2026-04-14,C0035,Social,1,0
S01250,2026-04-11,C0049,Website,1,0
S01251,2026-06-15,C0054,Mobile App,1,0
S01252,2026-02-12,C0024,Website,1,0
S01253,2026-02-24,C0064,Website,1,0
S01254,2026-04-23,C0032,Social,1,0
S01255,2026-03-28,C0027,Social,1,0
S01256,2026-06-27,C0042,Mobile App,1,0
S01257,2026-01-11,C0011,Marketplace,1,0
S01258,2026-01-23,C0061,Marketplace,1,1
S01259,2026-03-03,C0074,Social,1,0
S01260,2026-03-24,C0096,Mobile App,1,0
S01261,2026-06-11,C0029,Social,1,0
S01262,2026-03-31,C0054,Mobile App,1,0
S01263,2026-03-21,C0051,Marketplace,1,0
S01264,2026-01-31,C0074,Mobile App,1,0
S01265,2026-03-20,C0063,Marketplace,1,1
S01266,2026-04-07,C0081,Mobile App,1,0
S01267,2026-04-16,C0086,Social,1,0
S01268,2026-04-20,C0012,Marketplace,1,0
S01269,2026-03-19,C0036,Mobile App,1,0
S01270,2026-01-29,C0066,Social,1,0
S01271,2026-01-28,C0055,Marketplace,1,0
S01272,2026-01-29,C0049,Mobile App,1,0
S01273,2026-04-22,C0018,Website,1,1
S01274,2026-06-04,C0058,Social,1,0
S01275,2026-06-09,C0075,Social,1,0
S01276,2026-02-26,C0004,Marketplace,1,0
S01277,2026-01-15,C0060,Social,1,0
S01278,2026-04-25,C0091,Marketplace,1,0
S01279,2026-01-07,C0058,Website,1,0
S01280,2026-04-24,C0096,Website,1,0
S01281,2026-03-11,C0036,Website,1,0
S01282,2026-06-01,C0001,Website,1,0
S01283,2026-04-24,C0069,Marketplace,1,1
S01284,2026-05-14,C0022,Social,1,0
S01285,2026-03-15,C0001,Website,1,0
S01286,2026-06-02,C0019,Marketplace,1,0
S01287,2026-04-06,C0094,Website,1,0
S01288,2026-04-24,C0079,Mobile App,1,1
S01289,2026-03-07,C0028,Social,1,1
S01290,2026-03-23,C0060,Social,1,0
S01291,2026-06-02,C0034,Social,1,0
S01292,2026-03-13,C0018,Mobile App,1,1
S01293,2026-01-04,C0099,Social,1,1
S01294,2026-03-10,C0082,Social,1,0
S01295,2026-03-12,C0037,Mobile App,1,1
S01296,2026-03-17,C0036,Mobile App,1,1
S01297,2026-01-13,C0082,Website,1,1
S01298,2026-01-24,C0047,Social,1,0
S01299,2026-02-28,C0038,Website,1,0
S01300,2026-03-18,C0039,Mobile App,1,0
S01301,2026-01-06,C0045,Mobile App,1,1
S01302,2026-03-12,C0053,Website,1,0
S01303,2026-02-27,C0005,Social,1,0
S01304,2026-01-07,C0049,Marketplace,1,0
S01305,2026-02-15,C0044,Website,1,0
S01306,2026-02-19,C0028,Website,1,1
S01307,2026-01-26,C0036,Website,1,0
S01308,2026-05-17,C0043,Social,1,0
S01309,2026-01-14,C0037,Mobile App,1,0
S01310,2026-04-15,C0091,Marketplace,1,0
S01311,2026-05-01,C0053,Website,1,1
S01312,2026-05-26,C0051,Website,1,0
S01313,2026-04-09,C0027,Marketplace,1,1
S01314,2026-04-09,C0092,Website,1,0
S01315,2026-05-18,C0003,Marketplace,1,0
S01316,2026-06-04,C0056,Social,1,0
S01317,2026-02-08,C0017,Mobile App,1,1
S01318,2026-05-25,C0077,Marketplace,1,1
S01319,2026-03-25,C0038,Social,1,0
S01320,2026-01-18,C0030,Social,1,0
S01321,2026-04-21,C0006,Website,1,1
S01322,2026-06-26,C0080,Website,1,0
S01323,2026-01-26,C0040,Social,1,0
S01324,2026-01-03,C0027,Social,1,0
S01325,2026-06-15,C0085,Mobile App,1,1
S01326,2026-04-19,C0002,Marketplace,1,1
S01327,2026-02-09,C0047,Marketplace,1,0
S01328,2026-05-24,C0017,Marketplace,1,0
S01329,2026-03-13,C0013,Social,1,0
S01330,2026-03-02,C0003,Mobile App,1,0
S01331,2026-02-22,C0019,Social,1,0
S01332,2026-04-19,C0095,Website,1,1
S01333,2026-01-25,C0045,Website,1,1
S01334,2026-03-07,C0100,Social,1,0
S01335,2026-02-25,C0027,Website,1,1
S01336,2026-01-11,C0077,Social,1,0
S01337,2026-05-19,C0009,Mobile App,1,1
S01338,2026-01-02,C0011,Mobile App,1,0
S01339,2026-06-23,C0002,Website,1,0
S01340,2026-01-18,C0090,Social,1,0
S01341,2026-03-06,C0068,Mobile App,1,1
S01342,2026-01-18,C0075,Website,1,1
S01343,2026-03-08,C0093,Mobile App,1,0
S01344,2026-04-21,C0034,Website,1,1
S01345,2026-01-16,C0073,Social,1,0
S01346,2026-04-06,C0051,Website,1,0
S01347,2026-05-20,C0055,Mobile App,1,0
S01348,2026-03-24,C0067,Mobile App,1,1
S01349,2026-01-21,C0047,Website,1,1
S01350,2026-05-06,C0003,Website,1,0
S01351,2026-02-03,C0008,Marketplace,1,0
S01352,2026-01-04,C0051,Mobile App,1,1
S01353,2026-03-21,C0057,Website,1,0
S01354,2026-02-19,C0074,Website,1,0
S01355,2026-01-06,C0058,Social,1,0
S01356,2026-05-21,C0019,Marketplace,1,0
S01357,2026-04-19,C0037,Marketplace,1,0
S01358,2026-06-14,C0045,Social,1,0
S01359,2026-03-28,C0099,Website,1,0
S01360,2026-03-21,C0054,Marketplace,1,0
S01361,2026-06-02,C0064,Social,1,1
S01362,2026-01-15,C0074,Website,1,0
S01363,2026-03-07,C0037,Marketplace,1,1
S01364,2026-05-25,C0097,Social,1,0
S01365,2026-02-22,C0068,Marketplace,1,1
S01366,2026-06-10,C0085,Website,1,0
S01367,2026-02-21,C0075,Marketplace,1,1
S01368,2026-03-16,C0063,Social,1,0
S01369,2026-06-12,C0004,Website,1,0
S01370,2026-02-14,C0059,Marketplace,1,0
S01371,2026-06-25,C0013,Marketplace,1,0
S01372,2026-01-08,C0061,Mobile App,1,0
S01373,2026-02-18,C0071,Website,1,1
S01374,2026-04-17,C0055,Website,1,0
S01375,2026-04-18,C0031,Social,1,0
S01376,2026-06-14,C0006,Social,1,1
S01377,2026-06-23,C0068,Mobile App,1,0
S01378,2026-05-03,C0070,Social,1,0
S01379,2026-04-30,C0048,Social,1,0
S01380,2026-02-27,C0072,Marketplace,1,1
S01381,2026-05-26,C0078,Marketplace,1,0
S01382,2026-04-27,C0052,Social,1,1
S01383,2026-01-05,C0005,Marketplace,1,0
S01384,2026-05-31,C0088,Social,1,0
S01385,2026-03-07,C0047,Social,1,0
S01386,2026-03-28,C0068,Website,1,0
S01387,2026-03-29,C0092,Marketplace,1,0
S01388,2026-05-29,C0037,Marketplace,1,0
S01389,2026-02-18,C0063,Social,1,1
S01390,2026-03-12,C0002,Mobile App,1,1
S01391,2026-01-08,C0089,Social,1,0
S01392,2026-03-05,C0006,Mobile App,1,0
S01393,2026-01-16,C0055,Mobile App,1,0
S01394,2026-04-16,C0036,Website,1,1
S01395,2026-06-11,C0004,Mobile App,1,0
S01396,2026-03-26,C0047,Social,1,1
S01397,2026-06-15,C0094,Marketplace,1,0
S01398,2026-06-26,C0017,Marketplace,1,0
S01399,2026-01-10,C0030,Social,1,1
S01400,2026-04-04,C0019,Mobile App,1,0
S01401,2026-04-06,C0013,Marketplace,1,0
S01402,2026-03-11,C0024,Mobile App,1,0
S01403,2026-05-31,C0058,Social,1,0
S01404,2026-03-13,C0079,Mobile App,1,1
S01405,2026-01-10,C0070,Social,1,0
S01406,2026-04-10,C0078,Marketplace,1,1
S01407,2026-02-06,C0072,Social,1,1
S01408,2026-03-06,C0039,Social,1,0
S01409,2026-04-01,C0091,Social,1,0
S01410,2026-05-11,C0018,Mobile App,1,0
S01411,2026-02-20,C0070,Marketplace,1,0
S01412,2026-03-10,C0012,Mobile App,1,0
S01413,2026-01-13,C0077,Website,1,0
S01414,2026-03-11,C0009,Marketplace,1,1
S01415,2026-04-16,C0022,Mobile App,1,0
S01416,2026-04-22,C0040,Mobile App,1,0
S01417,2026-02-23,C0070,Website,1,0
S01418,2026-01-12,C0005,Marketplace,1,1
S01419,2026-04-15,C0026,Marketplace,1,0
S01420,2026-04-29,C0034,Website,1,0
S01421,2026-01-16,C0074,Marketplace,1,0
S01422,2026-04-02,C0097,Website,1,0
S01423,2026-01-18,C0062,Website,1,0
S01424,2026-03-23,C0051,Mobile App,1,1
S01425,2026-04-26,C0034,Mobile App,1,0
S01426,2026-05-11,C0083,Social,1,0
S01427,2026-05-10,C0011,Website,1,1
S01428,2026-05-18,C0013,Mobile App,1,0
S01429,2026-02-13,C0021,Marketplace,1,0
S01430,2026-06-03,C0027,Website,1,0
S01431,2026-03-05,C0047,Social,1,1
S01432,2026-03-09,C0095,Marketplace,1,0
S01433,2026-05-23,C0066,Social,1,0
S01434,2026-03-01,C0039,Social,1,0
S01435,2026-01-14,C0022,Website,1,0
S01436,2026-05-10,C0065,Mobile App,1,0
S01437,2026-04-30,C0026,Marketplace,1,0
S01438,2026-04-16,C0098,Website,1,0
S01439,2026-01-26,C0048,Mobile App,1,0
S01440,2026-04-25,C0056,Marketplace,1,0
S01441,2026-02-05,C0091,Social,1,0
S01442,2026-04-11,C0031,Mobile App,1,0
S01443,2026-04-02,C0048,Social,1,0
S01444,2026-05-20,C0054,Marketplace,1,0
S01445,2026-06-26,C0028,Website,1,0
S01446,2026-02-04,C0006,Mobile App,1,0
S01447,2026-01-21,C0029,Social,1,0
S01448,2026-04-11,C0012,Website,1,1
S01449,2026-06-22,C0068,Website,1,0
S01450,2026-01-29,C0001,Mobile App,1,0
S01451,2026-03-30,C0032,Social,1,0
S01452,2026-03-15,C0089,Marketplace,1,0
S01453,2026-02-27,C0057,Website,1,0
S01454,2026-05-01,C0068,Mobile App,1,0
S01455,2026-02-23,C0067,Social,1,0
S01456,2026-03-31,C0030,Website,1,1
S01457,2026-06-03,C0064,Marketplace,1,0
S01458,2026-03-10,C0023,Mobile App,1,1
S01459,2026-01-04,C0064,Social,1,0
S01460,2026-06-10,C0069,Social,1,1
S01461,2026-02-19,C0088,Social,1,0
S01462,2026-05-20,C0092,Website,1,1
S01463,2026-05-19,C0003,Mobile App,1,0
S01464,2026-04-06,C0030,Marketplace,1,0
S01465,2026-01-16,C0055,Mobile App,1,0
S01466,2026-06-21,C0033,Marketplace,1,1
S01467,2026-05-04,C0062,Marketplace,1,0
S01468,2026-03-18,C0086,Mobile App,1,0
S01469,2026-06-04,C0026,Website,1,0
S01470,2026-05-23,C0090,Social,1,1
S01471,2026-05-18,C0089,Social,1,1
S01472,2026-01-31,C0092,Social,1,1
S01473,2026-04-25,C0008,Mobile App,1,0
S01474,2026-02-21,C0030,Mobile App,1,1
S01475,2026-01-15,C0013,Mobile App,1,0
S01476,2026-03-03,C0013,Website,1,0
S01477,2026-01-19,C0006,Website,1,0
S01478,2026-01-20,C0044,Mobile App,1,1
S01479,2026-05-12,C0009,Social,1,0
S01480,2026-04-01,C0030,Website,1,0
S01481,2026-03-14,C0099,Marketplace,1,0
S01482,2026-02-04,C0089,Marketplace,1,0
S01483,2026-05-20,C0094,Mobile App,1,0
S01484,2026-04-25,C0004,Social,1,0
S01485,2026-04-16,C0067,Website,1,0
S01486,2026-02-04,C0064,Social,1,0
S01487,2026-01-23,C0014,Marketplace,1,0
S01488,2026-01-23,C0091,Mobile App,1,0
S01489,2026-01-05,C0041,Social,1,0
S01490,2026-06-25,C0098,Mobile App,1,0
S01491,2026-03-08,C0012,Social,1,0
S01492,2026-04-30,C0066,Website,1,0
S01493,2026-06-27,C0014,Website,1,0
S01494,2026-06-19,C0095,Marketplace,1,0
S01495,2026-02-28,C0061,Social,1,0
S01496,2026-03-30,C0008,Website,1,0
S01497,2026-03-25,C0022,Social,1,0
S01498,2026-01-07,C0036,Social,1,0
S01499,2026-05-20,C0002,Mobile App,1,0
S01500,2026-04-14,C0001,Social,1,0
